player_id,player_name,rating,rating_composition
509579fc-f48c-4a6b-b229-7a6d49d4271c,aleksandrs juška,4018.7,"[{'KEY': '240629N', 'DATE': '2024-06-29', 'RANK': 1, 'POINTS': 1477.0, 'AGE_MULTIPLIER': 1.0}, {'KEY': '240406E', 'DATE': '2024-04-06', 'RANK': 1, 'POINTS': 1445.5, 'AGE_MULTIPLIER': 1.0}, {'KEY': '230902N', 'DATE': '2023-09-02', 'RANK': 2, 'POINTS': 1096.2, 'AGE_MULTIPLIER': 0.8}]"
5a8a90a2-2b25-4815-8bc9-0f0b95609c93,jarec schouten,3723.3,"[{'KEY': '240406E', 'DATE': '2024-04-06', 'RANK': 1, 'POINTS': 1445.5, 'AGE_MULTIPLIER': 1.0}, {'KEY': '240629N', 'DATE': '2024-06-29', 'RANK': 3, 'POINTS': 1181.6, 'AGE_MULTIPLIER': 1.0}, {'KEY': '230902N', 'DATE': '2023-09-02', 'RANK': 2, 'POINTS': 1096.2, 'AGE_MULTIPLIER': 0.8}]"
e4049a1b-0b8d-4488-b880-25f119ecd816,rudo brus,3510.5,"[{'KEY': '240629N', 'DATE': '2024-06-29', 'RANK': 2, 'POINTS': 1329.3, 'AGE_MULTIPLIER': 1.0}, {'KEY': '240406E', 'DATE': '2024-04-06', 'RANK': 3, 'POINTS': 1156.4, 'AGE_MULTIPLIER': 1.0}, {'KEY': '240504G', 'DATE': '2024-05-04', 'RANK': 3, 'POINTS': 1024.8, 'AGE_MULTIPLIER': 1.0}]"
e44c1d54-2976-401a-888a-1a4cdc25850d,stan van manen,3474.4,"[{'KEY': '240504G', 'DATE': '2024-05-04', 'RANK': 1, 'POINTS': 1281.0, 'AGE_MULTIPLIER': 1.0}, {'KEY': '240629N', 'DATE': '2024-06-29', 'RANK': 3, 'POINTS': 1181.6, 'AGE_MULTIPLIER': 1.0}, {'KEY': '240406E', 'DATE': '2024-04-06', 'RANK': 4, 'POINTS': 1011.9, 'AGE_MULTIPLIER': 1.0}]"
cbff867d-0352-47e0-ae6e-e439bd532c89,lauma ernestsone,3316.0,"[{'KEY': '240629N', 'DATE': '2024-06-29', 'RANK': 1, 'POINTS': 1477.0, 'AGE_MULTIPLIER': 1.0}, {'KEY': '241130E', 'DATE': '2024-11-30', 'RANK': 2, 'POINTS': 929.2, 'AGE_MULTIPLIER': 1.0}, {'KEY': '231126E', 'DATE': '2023-11-26', 'RANK': 2, 'POINTS': 909.7, 'AGE_MULTIPLIER': 0.8}]"
5652e85a-7c8c-4a5f-8b76-54d811050c1c,ravi kandula,3209.2,"[{'KEY': '230902N', 'DATE': '2023-09-02', 'RANK': 1, 'POINTS': 1218.0, 'AGE_MULTIPLIER': 0.8}, {'KEY': '230617A', 'DATE': '2023-06-17', 'RANK': 1, 'POINTS': 1081.5, 'AGE_MULTIPLIER': 0.6}, {'KEY': '231126E', 'DATE': '2023-11-26', 'RANK': 2, 'POINTS': 909.7, 'AGE_MULTIPLIER': 0.8}]"
ab328b20-3e87-4ac9-ba81-1bd5e47054f2,jeroen brus,3134.6,"[{'KEY': '240629N', 'DATE': '2024-06-29', 'RANK': 2, 'POINTS': 1329.3, 'AGE_MULTIPLIER': 1.0}, {'KEY': '240406E', 'DATE': '2024-04-06', 'RANK': 3, 'POINTS': 1156.4, 'AGE_MULTIPLIER': 1.0}, {'KEY': '230617A', 'DATE': '2023-06-17', 'RANK': 6, 'POINTS': 648.9, 'AGE_MULTIPLIER': 0.6}]"
8b01d5d2-65fa-4741-92b0-689887da8246,simon spengler,3034.5,"[{'KEY': '240504G', 'DATE': '2024-05-04', 'RANK': 1, 'POINTS': 1281.0, 'AGE_MULTIPLIER': 1.0}, {'KEY': '240629N', 'DATE': '2024-06-29', 'RANK': 5, 'POINTS': 886.2, 'AGE_MULTIPLIER': 1.0}, {'KEY': '240406E', 'DATE': '2024-04-06', 'RANK': 6, 'POINTS': 867.3, 'AGE_MULTIPLIER': 1.0}]"
0df87ea2-5344-4eae-bb84-6e46d4673279,dirk van de riet,2970.7,"[{'KEY': '240504G', 'DATE': '2024-05-04', 'RANK': 2, 'POINTS': 1152.9, 'AGE_MULTIPLIER': 1.0}, {'KEY': '240211G', 'DATE': '2024-02-11', 'RANK': 2, 'POINTS': 965.2, 'AGE_MULTIPLIER': 0.8}, {'KEY': '230902N', 'DATE': '2023-09-02', 'RANK': 4, 'POINTS': 852.6, 'AGE_MULTIPLIER': 0.8}]"
015ce723-1ce7-4792-be51-03b0a58c0fed,micha daling,2935.7,"[{'KEY': '240504G', 'DATE': '2024-05-04', 'RANK': 2, 'POINTS': 1152.9, 'AGE_MULTIPLIER': 1.0}, {'KEY': '240211G', 'DATE': '2024-02-11', 'RANK': 2, 'POINTS': 965.2, 'AGE_MULTIPLIER': 0.8}, {'KEY': '240120A', 'DATE': '2024-01-20', 'RANK': 3, 'POINTS': 817.6, 'AGE_MULTIPLIER': 0.8}]"
fdad5355-62c3-4784-9e97-d716de90c6f1,tim teunis,2797.9,"[{'KEY': '240629N', 'DATE': '2024-06-29', 'RANK': 4, 'POINTS': 1033.9, 'AGE_MULTIPLIER': 1.0}, {'KEY': '240504G', 'DATE': '2024-05-04', 'RANK': 4, 'POINTS': 896.7, 'AGE_MULTIPLIER': 1.0}, {'KEY': '240406E', 'DATE': '2024-04-06', 'RANK': 5, 'POINTS': 867.3, 'AGE_MULTIPLIER': 1.0}]"
b7fe86a5-1607-4389-a0df-684ac08b9e79,ward nieboer,2775.1,"[{'KEY': '240504G', 'DATE': '2024-05-04', 'RANK': 3, 'POINTS': 1024.8, 'AGE_MULTIPLIER': 1.0}, {'KEY': '240406E', 'DATE': '2024-04-06', 'RANK': 4, 'POINTS': 1011.9, 'AGE_MULTIPLIER': 1.0}, {'KEY': '240629N', 'DATE': '2024-06-29', 'RANK': 8, 'POINTS': 738.5, 'AGE_MULTIPLIER': 1.0}]"
0b2b5aed-439a-4966-8695-065aa35dac83,tomer kedar,2753.8,"[{'KEY': '240601A', 'DATE': '2024-06-01', 'RANK': 4, 'POINTS': 938.4, 'AGE_MULTIPLIER': 1.0}, {'KEY': '241130E', 'DATE': '2024-11-30', 'RANK': 2, 'POINTS': 929.2, 'AGE_MULTIPLIER': 1.0}, {'KEY': '240629N', 'DATE': '2024-06-29', 'RANK': 6, 'POINTS': 886.2, 'AGE_MULTIPLIER': 1.0}]"
864f28d0-66d1-4dd9-befc-68c581b3c484,rens elbertsen,2593.2,"[{'KEY': '240601A', 'DATE': '2024-06-01', 'RANK': 4, 'POINTS': 938.4, 'AGE_MULTIPLIER': 1.0}, {'KEY': '240629N', 'DATE': '2024-06-29', 'RANK': 6, 'POINTS': 886.2, 'AGE_MULTIPLIER': 1.0}, {'KEY': '240504G', 'DATE': '2024-05-04', 'RANK': 5, 'POINTS': 768.6, 'AGE_MULTIPLIER': 1.0}]"
e74c587e-a5cf-4d8f-a39f-db3cea6e1293,stijn slebos,2514.7,"[{'KEY': '240504G', 'DATE': '2024-05-04', 'RANK': 4, 'POINTS': 896.7, 'AGE_MULTIPLIER': 1.0}, {'KEY': '240406E', 'DATE': '2024-04-06', 'RANK': 5, 'POINTS': 867.3, 'AGE_MULTIPLIER': 1.0}, {'KEY': '240211G', 'DATE': '2024-02-11', 'RANK': 4, 'POINTS': 750.7, 'AGE_MULTIPLIER': 0.8}]"
bac0ef18-c410-4e48-a3e4-952b9aca8625,joep blanksma,2510.2,"[{'KEY': '240629N', 'DATE': '2024-06-29', 'RANK': 4, 'POINTS': 1033.9, 'AGE_MULTIPLIER': 1.0}, {'KEY': '240406E', 'DATE': '2024-04-06', 'RANK': 6, 'POINTS': 867.3, 'AGE_MULTIPLIER': 1.0}, {'KEY': '230902N', 'DATE': '2023-09-02', 'RANK': 7, 'POINTS': 609.0, 'AGE_MULTIPLIER': 0.8}]"
efd9fb12-7cb0-4536-8fdd-d3e2a3ac1a3d,mark de jong,2429.0,"[{'KEY': '230902N', 'DATE': '2023-09-02', 'RANK': 1, 'POINTS': 1218.0, 'AGE_MULTIPLIER': 0.8}, {'KEY': '240601A', 'DATE': '2024-06-01', 'RANK': 7, 'POINTS': 670.3, 'AGE_MULTIPLIER': 1.0}, {'KEY': '230617A', 'DATE': '2023-06-17', 'RANK': 7, 'POINTS': 540.8, 'AGE_MULTIPLIER': 0.6}]"
f7481bac-9c25-43bb-8357-6ba27d120c4e,thibault mareschal,2386.3,"[{'KEY': '240601A', 'DATE': '2024-06-01', 'RANK': 1, 'POINTS': 1340.5, 'AGE_MULTIPLIER': 1.0}, {'KEY': '240120A', 'DATE': '2024-01-20', 'RANK': 6, 'POINTS': 613.2, 'AGE_MULTIPLIER': 0.8}, {'KEY': '230617A', 'DATE': '2023-06-17', 'RANK': 9, 'POINTS': 432.6, 'AGE_MULTIPLIER': 0.6}]"
7802f7b1-946c-4587-b2f6-9a6641703b7b,sam beard,2269.7,"[{'KEY': '250315U', 'DATE': '2025-03-15', 'RANK': 1, 'POINTS': 805.0, 'AGE_MULTIPLIER': 1.0}, {'KEY': '250223A', 'DATE': '2025-02-23', 'RANK': 2, 'POINTS': 733.9, 'AGE_MULTIPLIER': 1.0}, {'KEY': '250119G', 'DATE': '2025-01-19', 'RANK': 2, 'POINTS': 730.8, 'AGE_MULTIPLIER': 1.0}]"
684176b1-125c-4f13-a430-83728e596b27,niels de jonge,2199.4,"[{'KEY': '230902N', 'DATE': '2023-09-02', 'RANK': 4, 'POINTS': 852.6, 'AGE_MULTIPLIER': 0.8}, {'KEY': '240504G', 'DATE': '2024-05-04', 'RANK': 6, 'POINTS': 768.6, 'AGE_MULTIPLIER': 1.0}, {'KEY': '240406E', 'DATE': '2024-04-06', 'RANK': 10, 'POINTS': 578.2, 'AGE_MULTIPLIER': 1.0}]"
9b0e350d-12ee-4437-bdeb-ec747497ab33,luc young,2156.0,"[{'KEY': '250119G', 'DATE': '2025-01-19', 'RANK': 1, 'POINTS': 812.0, 'AGE_MULTIPLIER': 1.0}, {'KEY': '250315U', 'DATE': '2025-03-15', 'RANK': 2, 'POINTS': 724.5, 'AGE_MULTIPLIER': 1.0}, {'KEY': '241130E', 'DATE': '2024-11-30', 'RANK': 5, 'POINTS': 619.5, 'AGE_MULTIPLIER': 1.0}]"
99ae7b5d-94f7-4bb6-a59c-6ff0fd5b165f,tjebbe treub,2147.6,"[{'KEY': '241130E', 'DATE': '2024-11-30', 'RANK': 3, 'POINTS': 826.0, 'AGE_MULTIPLIER': 1.0}, {'KEY': '250119G', 'DATE': '2025-01-19', 'RANK': 2, 'POINTS': 730.8, 'AGE_MULTIPLIER': 1.0}, {'KEY': '240629N', 'DATE': '2024-06-29', 'RANK': 12, 'POINTS': 590.8, 'AGE_MULTIPLIER': 1.0}]"
3cd2f9c6-5f53-4821-8e0d-1493d74516f9,florian engelsing,2126.9,"[{'KEY': '250223A', 'DATE': '2025-02-23', 'RANK': 2, 'POINTS': 733.9, 'AGE_MULTIPLIER': 1.0}, {'KEY': '241130E', 'DATE': '2024-11-30', 'RANK': 4, 'POINTS': 722.7, 'AGE_MULTIPLIER': 1.0}, {'KEY': '240601A', 'DATE': '2024-06-01', 'RANK': 8, 'POINTS': 670.3, 'AGE_MULTIPLIER': 1.0}]"
a139000e-784c-4cbc-ba51-42e7f231736a,jari verbeek,2095.8,"[{'KEY': '240601A', 'DATE': '2024-06-01', 'RANK': 3, 'POINTS': 1072.4, 'AGE_MULTIPLIER': 1.0}, {'KEY': '240629N', 'DATE': '2024-06-29', 'RANK': 11, 'POINTS': 590.8, 'AGE_MULTIPLIER': 1.0}, {'KEY': '230617A', 'DATE': '2023-06-17', 'RANK': 12, 'POINTS': 432.6, 'AGE_MULTIPLIER': 0.6}]"
87b00a4b-5224-4de5-842e-7c0a2a2b84e8,patrick de lange,2076.9,"[{'KEY': '230902N', 'DATE': '2023-09-02', 'RANK': 3, 'POINTS': 974.4, 'AGE_MULTIPLIER': 0.8}, {'KEY': '230527G', 'DATE': '2023-05-27', 'RANK': 1, 'POINTS': 669.9, 'AGE_MULTIPLIER': 0.6}, {'KEY': '230617A', 'DATE': '2023-06-17', 'RANK': 9, 'POINTS': 432.6, 'AGE_MULTIPLIER': 0.6}]"
cbeae568-7517-40e2-8448-1ba21b38a452,yuan tjiam,2038.5,"[{'KEY': '240601A', 'DATE': '2024-06-01', 'RANK': 6, 'POINTS': 804.3, 'AGE_MULTIPLIER': 1.0}, {'KEY': '240211G', 'DATE': '2024-02-11', 'RANK': 5, 'POINTS': 643.4, 'AGE_MULTIPLIER': 0.8}, {'KEY': '240629N', 'DATE': '2024-06-29', 'RANK': 10, 'POINTS': 590.8, 'AGE_MULTIPLIER': 1.0}]"
78c5c8a6-9242-47bd-94b4-1876317c17ba,bart derks,2026.8,"[{'KEY': '250119G', 'DATE': '2025-01-19', 'RANK': 1, 'POINTS': 812.0, 'AGE_MULTIPLIER': 1.0}, {'KEY': '250315U', 'DATE': '2025-03-15', 'RANK': 3, 'POINTS': 644.0, 'AGE_MULTIPLIER': 1.0}, {'KEY': '250223A', 'DATE': '2025-02-23', 'RANK': 4, 'POINTS': 570.8, 'AGE_MULTIPLIER': 1.0}]"
51ccd26a-e882-480f-ac3a-b91cd7aa4937,simen bootsma,1934.8,"[{'KEY': '250315U', 'DATE': '2025-03-15', 'RANK': 2, 'POINTS': 724.5, 'AGE_MULTIPLIER': 1.0}, {'KEY': '241130E', 'DATE': '2024-11-30', 'RANK': 5, 'POINTS': 619.5, 'AGE_MULTIPLIER': 1.0}, {'KEY': '240629N', 'DATE': '2024-06-29', 'RANK': 12, 'POINTS': 590.8, 'AGE_MULTIPLIER': 1.0}]"
30da713e-ddbd-474a-94f6-25ab32e2e198,daniel peereboom,1915.2,"[{'KEY': '240504G', 'DATE': '2024-05-04', 'RANK': 6, 'POINTS': 768.6, 'AGE_MULTIPLIER': 1.0}, {'KEY': '240406E', 'DATE': '2024-04-06', 'RANK': 10, 'POINTS': 578.2, 'AGE_MULTIPLIER': 1.0}, {'KEY': '250119G', 'DATE': '2025-01-19', 'RANK': 4, 'POINTS': 568.4, 'AGE_MULTIPLIER': 1.0}]"
dfd35dbc-ff6c-4653-b39d-c606512dc643,nicolas manneback,1812.4,"[{'KEY': '240211G', 'DATE': '2024-02-11', 'RANK': 5, 'POINTS': 643.4, 'AGE_MULTIPLIER': 0.8}, {'KEY': '240629N', 'DATE': '2024-06-29', 'RANK': 10, 'POINTS': 590.8, 'AGE_MULTIPLIER': 1.0}, {'KEY': '240406E', 'DATE': '2024-04-06', 'RANK': 9, 'POINTS': 578.2, 'AGE_MULTIPLIER': 1.0}]"
d2c4c649-0253-4f5f-b3b1-8bf3e7f74b92,eline meijer,1796.2,"[{'KEY': '240629N', 'DATE': '2024-06-29', 'RANK': 7, 'POINTS': 738.5, 'AGE_MULTIPLIER': 1.0}, {'KEY': '240406E', 'DATE': '2024-04-06', 'RANK': 8, 'POINTS': 722.8, 'AGE_MULTIPLIER': 1.0}, {'KEY': '230527G', 'DATE': '2023-05-27', 'RANK': 8, 'POINTS': 334.9, 'AGE_MULTIPLIER': 0.6}]"
d40a51ae-8db7-49b4-864a-fd80dbe5a1c7,jasper toebes,1717.8,"[{'KEY': '230902N', 'DATE': '2023-09-02', 'RANK': 6, 'POINTS': 730.8, 'AGE_MULTIPLIER': 0.8}, {'KEY': '240406E', 'DATE': '2024-04-06', 'RANK': 11, 'POINTS': 578.2, 'AGE_MULTIPLIER': 1.0}, {'KEY': '240120A', 'DATE': '2024-01-20', 'RANK': 10, 'POINTS': 408.8, 'AGE_MULTIPLIER': 0.8}]"
61f663c7-b2df-48d1-b4e4-eb288c2dae41,ewout van den pol,1692.6,"[{'KEY': '230902N', 'DATE': '2023-09-02', 'RANK': 7, 'POINTS': 609.0, 'AGE_MULTIPLIER': 0.8}, {'KEY': '240406E', 'DATE': '2024-04-06', 'RANK': 12, 'POINTS': 578.2, 'AGE_MULTIPLIER': 1.0}, {'KEY': '231126E', 'DATE': '2023-11-26', 'RANK': 7, 'POINTS': 505.4, 'AGE_MULTIPLIER': 0.8}]"
b05b395b-f560-4eb2-9066-10ff00c2bbff,roos van der donk,1599.8,"[{'KEY': '240406E', 'DATE': '2024-04-06', 'RANK': 11, 'POINTS': 578.2, 'AGE_MULTIPLIER': 1.0}, {'KEY': '241130E', 'DATE': '2024-11-30', 'RANK': 7, 'POINTS': 516.2, 'AGE_MULTIPLIER': 1.0}, {'KEY': '231126E', 'DATE': '2023-11-26', 'RANK': 8, 'POINTS': 505.4, 'AGE_MULTIPLIER': 0.8}]"
9d351a91-b434-4a8b-84fa-2c1335a12eeb,steffen gastineau,1596.0,"[{'KEY': '241130E', 'DATE': '2024-11-30', 'RANK': 6, 'POINTS': 619.5, 'AGE_MULTIPLIER': 1.0}, {'KEY': '250223A', 'DATE': '2025-02-23', 'RANK': 5, 'POINTS': 489.3, 'AGE_MULTIPLIER': 1.0}, {'KEY': '250119G', 'DATE': '2025-01-19', 'RANK': 6, 'POINTS': 487.2, 'AGE_MULTIPLIER': 1.0}]"
cacfc5ed-be85-4178-87be-f1adf4413c11,maurice jantjes,1594.1,"[{'KEY': '230617A', 'DATE': '2023-06-17', 'RANK': 3, 'POINTS': 865.2, 'AGE_MULTIPLIER': 0.6}, {'KEY': '230527G', 'DATE': '2023-05-27', 'RANK': 2, 'POINTS': 602.9, 'AGE_MULTIPLIER': 0.6}, {'KEY': '230422E', 'DATE': '2023-04-22', 'RANK': 14, 'POINTS': 126.0, 'AGE_MULTIPLIER': 0.6}]"
6f60052a-ccdf-409b-8b27-c638f525777c,niels kadijk,1592.5,"[{'KEY': '250315U', 'DATE': '2025-03-15', 'RANK': 3, 'POINTS': 644.0, 'AGE_MULTIPLIER': 1.0}, {'KEY': '231126E', 'DATE': '2023-11-26', 'RANK': 7, 'POINTS': 505.4, 'AGE_MULTIPLIER': 0.8}, {'KEY': '240629N', 'DATE': '2024-06-29', 'RANK': 16, 'POINTS': 443.1, 'AGE_MULTIPLIER': 1.0}]"
e9881d3a-2314-4152-a48d-7e608874d35e,carel van goch,1564.5,"[{'KEY': '250119G', 'DATE': '2025-01-19', 'RANK': 3, 'POINTS': 649.6, 'AGE_MULTIPLIER': 1.0}, {'KEY': '240504G', 'DATE': '2024-05-04', 'RANK': 11, 'POINTS': 512.4, 'AGE_MULTIPLIER': 1.0}, {'KEY': '250315U', 'DATE': '2025-03-15', 'RANK': 7, 'POINTS': 402.5, 'AGE_MULTIPLIER': 1.0}]"
013ce615-957e-4e65-85e5-f58f96a12076,teo kukuljan,1553.0,"[{'KEY': '240406E', 'DATE': '2024-04-06', 'RANK': 2, 'POINTS': 1301.0, 'AGE_MULTIPLIER': 1.0}, {'KEY': '230422E', 'DATE': '2023-04-22', 'RANK': 6, 'POINTS': 252.0, 'AGE_MULTIPLIER': 0.6}]"
99996494-58ec-4305-9166-98039cb9504b,koen franken,1551.9,"[{'KEY': '250119G', 'DATE': '2025-01-19', 'RANK': 3, 'POINTS': 649.6, 'AGE_MULTIPLIER': 1.0}, {'KEY': '250223A', 'DATE': '2025-02-23', 'RANK': 6, 'POINTS': 489.3, 'AGE_MULTIPLIER': 1.0}, {'KEY': '241130E', 'DATE': '2024-11-30', 'RANK': 9, 'POINTS': 413.0, 'AGE_MULTIPLIER': 1.0}]"
2f5fd805-d6c2-45db-a234-dc67d9b0df02,sophie bouma,1551.8,"[{'KEY': '240629N', 'DATE': '2024-06-29', 'RANK': 7, 'POINTS': 738.5, 'AGE_MULTIPLIER': 1.0}, {'KEY': '240211G', 'DATE': '2024-02-11', 'RANK': 10, 'POINTS': 429.0, 'AGE_MULTIPLIER': 0.8}, {'KEY': '240504G', 'DATE': '2024-05-04', 'RANK': 13, 'POINTS': 384.3, 'AGE_MULTIPLIER': 1.0}]"
175a58f9-7cfb-4ad4-92a1-f9a0c272203c,omar el tambouli,1545.2,"[{'KEY': '250315U', 'DATE': '2025-03-15', 'RANK': 1, 'POINTS': 805.0, 'AGE_MULTIPLIER': 1.0}, {'KEY': '240406E', 'DATE': '2024-04-06', 'RANK': 13, 'POINTS': 433.6, 'AGE_MULTIPLIER': 1.0}, {'KEY': '240120A', 'DATE': '2024-01-20', 'RANK': 16, 'POINTS': 306.6, 'AGE_MULTIPLIER': 0.8}]"
54a4b394-e46b-4a22-90e9-088b106ba958,basile vitrai,1527.1,"[{'KEY': '240601A', 'DATE': '2024-06-01', 'RANK': 5, 'POINTS': 804.3, 'AGE_MULTIPLIER': 1.0}, {'KEY': '240406E', 'DATE': '2024-04-06', 'RANK': 8, 'POINTS': 722.8, 'AGE_MULTIPLIER': 1.0}]"
65596d4b-4ef3-4a7b-b47e-4ea222873830,sander breman,1508.5,"[{'KEY': '240601A', 'DATE': '2024-06-01', 'RANK': 10, 'POINTS': 536.2, 'AGE_MULTIPLIER': 1.0}, {'KEY': '250223A', 'DATE': '2025-02-23', 'RANK': 5, 'POINTS': 489.3, 'AGE_MULTIPLIER': 1.0}, {'KEY': '250315U', 'DATE': '2025-03-15', 'RANK': 5, 'POINTS': 483.0, 'AGE_MULTIPLIER': 1.0}]"
a2fb1212-63df-42c1-8caf-a7b42cf93693,adnan jerbi,1483.7,"[{'KEY': '240211G', 'DATE': '2024-02-11', 'RANK': 3, 'POINTS': 857.9, 'AGE_MULTIPLIER': 0.8}, {'KEY': '240629N', 'DATE': '2024-06-29', 'RANK': 14, 'POINTS': 443.1, 'AGE_MULTIPLIER': 1.0}, {'KEY': '230902N', 'DATE': '2023-09-02', 'RANK': 28, 'POINTS': 182.7, 'AGE_MULTIPLIER': 0.8}]"
66d21898-ce38-426c-824e-f0ccc6d3004c,ludwig branzk,1480.2,"[{'KEY': '240629N', 'DATE': '2024-06-29', 'RANK': 9, 'POINTS': 590.8, 'AGE_MULTIPLIER': 1.0}, {'KEY': '230902N', 'DATE': '2023-09-02', 'RANK': 11, 'POINTS': 487.2, 'AGE_MULTIPLIER': 0.8}, {'KEY': '240601A', 'DATE': '2024-06-01', 'RANK': 14, 'POINTS': 402.2, 'AGE_MULTIPLIER': 1.0}]"
be31bd3d-10d9-42c7-ad3f-0f8a67c05fd0,jacob franssen,1462.3,"[{'KEY': '240211G', 'DATE': '2024-02-11', 'RANK': 7, 'POINTS': 536.2, 'AGE_MULTIPLIER': 0.8}, {'KEY': '250315U', 'DATE': '2025-03-15', 'RANK': 6, 'POINTS': 483.0, 'AGE_MULTIPLIER': 1.0}, {'KEY': '240629N', 'DATE': '2024-06-29', 'RANK': 16, 'POINTS': 443.1, 'AGE_MULTIPLIER': 1.0}]"
b82ec07e-e9e7-4189-958f-1ea70db95fcf,gabriele brazzo,1425.5,"[{'KEY': '240629N', 'DATE': '2024-06-29', 'RANK': 11, 'POINTS': 590.8, 'AGE_MULTIPLIER': 1.0}, {'KEY': '230617A', 'DATE': '2023-06-17', 'RANK': 12, 'POINTS': 432.6, 'AGE_MULTIPLIER': 0.6}, {'KEY': '240601A', 'DATE': '2024-06-01', 'RANK': 13, 'POINTS': 402.2, 'AGE_MULTIPLIER': 1.0}]"
5c10f2fd-d1e7-4a42-901c-913e93c9f533,koen huits,1414.0,"[{'KEY': '240211G', 'DATE': '2024-02-11', 'RANK': 8, 'POINTS': 536.2, 'AGE_MULTIPLIER': 0.8}, {'KEY': '240504G', 'DATE': '2024-05-04', 'RANK': 12, 'POINTS': 512.4, 'AGE_MULTIPLIER': 1.0}, {'KEY': '230902N', 'DATE': '2023-09-02', 'RANK': 14, 'POINTS': 365.4, 'AGE_MULTIPLIER': 0.8}]"
8ebba022-f1fa-4097-80ac-2fb45172dede,lauri schippers,1403.8,"[{'KEY': '250119G', 'DATE': '2025-01-19', 'RANK': 5, 'POINTS': 487.2, 'AGE_MULTIPLIER': 1.0}, {'KEY': '250315U', 'DATE': '2025-03-15', 'RANK': 5, 'POINTS': 483.0, 'AGE_MULTIPLIER': 1.0}, {'KEY': '240406E', 'DATE': '2024-04-06', 'RANK': 16, 'POINTS': 433.6, 'AGE_MULTIPLIER': 1.0}]"
635779b9-7caa-489d-8482-035c86ecb0ae,roos van der wielen,1386.8,"[{'KEY': '250223A', 'DATE': '2025-02-23', 'RANK': 1, 'POINTS': 815.5, 'AGE_MULTIPLIER': 1.0}, {'KEY': '231126E', 'DATE': '2023-11-26', 'RANK': 13, 'POINTS': 303.2, 'AGE_MULTIPLIER': 0.8}, {'KEY': '240601A', 'DATE': '2024-06-01', 'RANK': 19, 'POINTS': 268.1, 'AGE_MULTIPLIER': 1.0}]"
7528469c-ec96-49ba-ba3d-f20f507c0bfc,jannah sonnenschein,1374.8,"[{'KEY': '241130E', 'DATE': '2024-11-30', 'RANK': 6, 'POINTS': 619.5, 'AGE_MULTIPLIER': 1.0}, {'KEY': '250119G', 'DATE': '2025-01-19', 'RANK': 5, 'POINTS': 487.2, 'AGE_MULTIPLIER': 1.0}, {'KEY': '240601A', 'DATE': '2024-06-01', 'RANK': 24, 'POINTS': 268.1, 'AGE_MULTIPLIER': 1.0}]"
62b8f60d-cd72-4eac-9915-a406eef2a6ce,linde van wambeke,1372.7,"[{'KEY': '240504G', 'DATE': '2024-05-04', 'RANK': 7, 'POINTS': 640.5, 'AGE_MULTIPLIER': 1.0}, {'KEY': '240211G', 'DATE': '2024-02-11', 'RANK': 9, 'POINTS': 429.0, 'AGE_MULTIPLIER': 0.8}, {'KEY': '231126E', 'DATE': '2023-11-26', 'RANK': 15, 'POINTS': 303.2, 'AGE_MULTIPLIER': 0.8}]"
d7b39e64-6572-4878-97de-d61a8c0766f0,lars bouma,1372.7,"[{'KEY': '240504G', 'DATE': '2024-05-04', 'RANK': 8, 'POINTS': 640.5, 'AGE_MULTIPLIER': 1.0}, {'KEY': '240211G', 'DATE': '2024-02-11', 'RANK': 9, 'POINTS': 429.0, 'AGE_MULTIPLIER': 0.8}, {'KEY': '231126E', 'DATE': '2023-11-26', 'RANK': 15, 'POINTS': 303.2, 'AGE_MULTIPLIER': 0.8}]"
b5cc5d8c-a9f9-478a-926c-2e81a6162a2a,maarten van beek,1358.7,"[{'KEY': '230902N', 'DATE': '2023-09-02', 'RANK': 8, 'POINTS': 609.0, 'AGE_MULTIPLIER': 0.8}, {'KEY': '240629N', 'DATE': '2024-06-29', 'RANK': 14, 'POINTS': 443.1, 'AGE_MULTIPLIER': 1.0}, {'KEY': '240120A', 'DATE': '2024-01-20', 'RANK': 15, 'POINTS': 306.6, 'AGE_MULTIPLIER': 0.8}]"
2c097e2e-4b5f-475d-9bc6-9bef5eeba9f9,cedric omtzigt,1347.9,"[{'KEY': '240406E', 'DATE': '2024-04-06', 'RANK': 12, 'POINTS': 578.2, 'AGE_MULTIPLIER': 1.0}, {'KEY': '231126E', 'DATE': '2023-11-26', 'RANK': 12, 'POINTS': 404.3, 'AGE_MULTIPLIER': 0.8}, {'KEY': '230902N', 'DATE': '2023-09-02', 'RANK': 15, 'POINTS': 365.4, 'AGE_MULTIPLIER': 0.8}]"
07b955b9-180f-40a0-bacc-8f561a10b714,louis mareschal,1340.5,"[{'KEY': '240601A', 'DATE': '2024-06-01', 'RANK': 1, 'POINTS': 1340.5, 'AGE_MULTIPLIER': 1.0}]"
1857e85a-4418-4400-8f5e-68bcee10eab6,agnes berveling,1335.9,"[{'KEY': '250223A', 'DATE': '2025-02-23', 'RANK': 6, 'POINTS': 489.3, 'AGE_MULTIPLIER': 1.0}, {'KEY': '240406E', 'DATE': '2024-04-06', 'RANK': 16, 'POINTS': 433.6, 'AGE_MULTIPLIER': 1.0}, {'KEY': '241130E', 'DATE': '2024-11-30', 'RANK': 10, 'POINTS': 413.0, 'AGE_MULTIPLIER': 1.0}]"
69ad6ef4-a4ca-41db-bf98-89da9afe5bec,luca marrer,1301.0,"[{'KEY': '240406E', 'DATE': '2024-04-06', 'RANK': 2, 'POINTS': 1301.0, 'AGE_MULTIPLIER': 1.0}]"
298f408c-fc70-461e-b220-e4a0c23786be,david teel,1222.9,"[{'KEY': '240601A', 'DATE': '2024-06-01', 'RANK': 10, 'POINTS': 536.2, 'AGE_MULTIPLIER': 1.0}, {'KEY': '240629N', 'DATE': '2024-06-29', 'RANK': 15, 'POINTS': 443.1, 'AGE_MULTIPLIER': 1.0}, {'KEY': '230902N', 'DATE': '2023-09-02', 'RANK': 20, 'POINTS': 243.6, 'AGE_MULTIPLIER': 0.8}]"
c2025a44-8030-471f-9e8a-f2a5c96b27dc,frank buigel,1212.8,"[{'KEY': '240504G', 'DATE': '2024-05-04', 'RANK': 12, 'POINTS': 512.4, 'AGE_MULTIPLIER': 1.0}, {'KEY': '230902N', 'DATE': '2023-09-02', 'RANK': 14, 'POINTS': 365.4, 'AGE_MULTIPLIER': 0.8}, {'KEY': '230527G', 'DATE': '2023-05-27', 'RANK': 7, 'POINTS': 334.9, 'AGE_MULTIPLIER': 0.6}]"
dbb3cb7d-e89d-47ce-8c9a-935decdcc2a1,gauthier vandamme,1206.5,"[{'KEY': '240601A', 'DATE': '2024-06-01', 'RANK': 2, 'POINTS': 1206.5, 'AGE_MULTIPLIER': 1.0}]"
48271df1-a764-4986-aa4f-ac4f28b29404,gilles hublet,1206.5,"[{'KEY': '240601A', 'DATE': '2024-06-01', 'RANK': 2, 'POINTS': 1206.5, 'AGE_MULTIPLIER': 1.0}]"
b1709049-d672-4ccc-9803-d0b1fec137b0,hugues maison,1159.9,"[{'KEY': '230617A', 'DATE': '2023-06-17', 'RANK': 5, 'POINTS': 648.9, 'AGE_MULTIPLIER': 0.6}, {'KEY': '240120A', 'DATE': '2024-01-20', 'RANK': 7, 'POINTS': 511.0, 'AGE_MULTIPLIER': 0.8}]"
305f3ced-8dc3-44bb-967e-26521ad20204,baptiste maison,1159.9,"[{'KEY': '230617A', 'DATE': '2023-06-17', 'RANK': 5, 'POINTS': 648.9, 'AGE_MULTIPLIER': 0.6}, {'KEY': '240120A', 'DATE': '2024-01-20', 'RANK': 7, 'POINTS': 511.0, 'AGE_MULTIPLIER': 0.8}]"
f222ee03-74f0-446c-90c8-41f5fd459083,mady smit,1141.2,"[{'KEY': '241130E', 'DATE': '2024-11-30', 'RANK': 7, 'POINTS': 516.2, 'AGE_MULTIPLIER': 1.0}, {'KEY': '240211G', 'DATE': '2024-02-11', 'RANK': 13, 'POINTS': 321.7, 'AGE_MULTIPLIER': 0.8}, {'KEY': '231126E', 'DATE': '2023-11-26', 'RANK': 13, 'POINTS': 303.2, 'AGE_MULTIPLIER': 0.8}]"
202a49c3-2551-4a07-848e-b8da6489493d,olivier hui bon hoa,1072.4,"[{'KEY': '240601A', 'DATE': '2024-06-01', 'RANK': 3, 'POINTS': 1072.4, 'AGE_MULTIPLIER': 1.0}]"
bc45e457-4fdf-40f1-a787-4c9891c87007,suzanne slob,1064.0,"[{'KEY': '241130E', 'DATE': '2024-11-30', 'RANK': 9, 'POINTS': 413.0, 'AGE_MULTIPLIER': 1.0}, {'KEY': '250223A', 'DATE': '2025-02-23', 'RANK': 12, 'POINTS': 326.2, 'AGE_MULTIPLIER': 1.0}, {'KEY': '250119G', 'DATE': '2025-01-19', 'RANK': 9, 'POINTS': 324.8, 'AGE_MULTIPLIER': 1.0}]"
54cb0a7c-2a9a-44bb-8e89-8119d46ba368,ilonka thielen,1050.4,"[{'KEY': '240504G', 'DATE': '2024-05-04', 'RANK': 10, 'POINTS': 512.4, 'AGE_MULTIPLIER': 1.0}, {'KEY': '240211G', 'DATE': '2024-02-11', 'RANK': 13, 'POINTS': 321.7, 'AGE_MULTIPLIER': 0.8}, {'KEY': '230617A', 'DATE': '2023-06-17', 'RANK': 20, 'POINTS': 216.3, 'AGE_MULTIPLIER': 0.6}]"
cd47eca4-d915-430c-87fc-00d7a517d452,remco klaasman,994.7,"[{'KEY': '250223A', 'DATE': '2025-02-23', 'RANK': 8, 'POINTS': 407.7, 'AGE_MULTIPLIER': 1.0}, {'KEY': '230902N', 'DATE': '2023-09-02', 'RANK': 16, 'POINTS': 365.4, 'AGE_MULTIPLIER': 0.8}, {'KEY': '240629N', 'DATE': '2024-06-29', 'RANK': 29, 'POINTS': 221.5, 'AGE_MULTIPLIER': 1.0}]"
018e1bcc-34d9-4d17-9dd8-32bbec9ff3d2,jonas klimt,992.9,"[{'KEY': '240629N', 'DATE': '2024-06-29', 'RANK': 9, 'POINTS': 590.8, 'AGE_MULTIPLIER': 1.0}, {'KEY': '240601A', 'DATE': '2024-06-01', 'RANK': 14, 'POINTS': 402.2, 'AGE_MULTIPLIER': 1.0}]"
8d164f25-70d3-4d27-a7a3-6fd39ce49002,tavo garcia,973.3,"[{'KEY': '230617A', 'DATE': '2023-06-17', 'RANK': 2, 'POINTS': 973.3, 'AGE_MULTIPLIER': 0.6}]"
37d443ee-a7be-49fa-b878-09c8fffe3dd0,oriol gonzalez,973.3,"[{'KEY': '230617A', 'DATE': '2023-06-17', 'RANK': 2, 'POINTS': 973.3, 'AGE_MULTIPLIER': 0.6}]"
c3efbe21-3313-48ec-9e7d-9d3cebd6d632,tom ottenheim,953.3,"[{'KEY': '250315U', 'DATE': '2025-03-15', 'RANK': 6, 'POINTS': 483.0, 'AGE_MULTIPLIER': 1.0}, {'KEY': '240601A', 'DATE': '2024-06-01', 'RANK': 21, 'POINTS': 268.1, 'AGE_MULTIPLIER': 1.0}, {'KEY': '231126E', 'DATE': '2023-11-26', 'RANK': 18, 'POINTS': 202.2, 'AGE_MULTIPLIER': 0.8}]"
9c554d2a-487a-4cd5-9d29-5a4e1ba60b85,konradin müskens,933.5,"[{'KEY': '240406E', 'DATE': '2024-04-06', 'RANK': 15, 'POINTS': 433.6, 'AGE_MULTIPLIER': 1.0}, {'KEY': '240629N', 'DATE': '2024-06-29', 'RANK': 24, 'POINTS': 295.4, 'AGE_MULTIPLIER': 1.0}, {'KEY': '240120A', 'DATE': '2024-01-20', 'RANK': 18, 'POINTS': 204.4, 'AGE_MULTIPLIER': 0.8}]"
8c6457e7-f161-45f3-9345-dbcb48b5c5e4,martijn paes,919.8,"[{'KEY': '240120A', 'DATE': '2024-01-20', 'RANK': 2, 'POINTS': 919.8, 'AGE_MULTIPLIER': 0.8}]"
f0259630-084c-4f82-80cd-c05f58cd39f8,joeri vlassaks,919.8,"[{'KEY': '240120A', 'DATE': '2024-01-20', 'RANK': 2, 'POINTS': 919.8, 'AGE_MULTIPLIER': 0.8}]"
bce61b26-458b-474e-a9b3-98d9a5c2b204,niels van weerdenburg,916.0,"[{'KEY': '250223A', 'DATE': '2025-02-23', 'RANK': 9, 'POINTS': 326.2, 'AGE_MULTIPLIER': 1.0}, {'KEY': '240211G', 'DATE': '2024-02-11', 'RANK': 15, 'POINTS': 321.7, 'AGE_MULTIPLIER': 0.8}, {'KEY': '240601A', 'DATE': '2024-06-01', 'RANK': 20, 'POINTS': 268.1, 'AGE_MULTIPLIER': 1.0}]"
353557eb-8ef9-4c95-87ae-49fbdeb859c2,jessica borgers,909.4,"[{'KEY': '240120A', 'DATE': '2024-01-20', 'RANK': 6, 'POINTS': 613.2, 'AGE_MULTIPLIER': 0.8}, {'KEY': '230617A', 'DATE': '2023-06-17', 'RANK': 28, 'POINTS': 162.2, 'AGE_MULTIPLIER': 0.6}, {'KEY': '230527G', 'DATE': '2023-05-27', 'RANK': 19, 'POINTS': 134.0, 'AGE_MULTIPLIER': 0.6}]"
fe4443ab-35f4-40cb-991c-992c525941f8,yorik maatman,888.9,"[{'KEY': '240211G', 'DATE': '2024-02-11', 'RANK': 10, 'POINTS': 429.0, 'AGE_MULTIPLIER': 0.8}, {'KEY': '230902N', 'DATE': '2023-09-02', 'RANK': 17, 'POINTS': 243.6, 'AGE_MULTIPLIER': 0.8}, {'KEY': '230617A', 'DATE': '2023-06-17', 'RANK': 17, 'POINTS': 216.3, 'AGE_MULTIPLIER': 0.6}]"
495c1381-47ad-4baf-b3aa-b8fa9dee9fbd,dirk van der riet,886.2,"[{'KEY': '240629N', 'DATE': '2024-06-29', 'RANK': 5, 'POINTS': 886.2, 'AGE_MULTIPLIER': 1.0}]"
e1906882-9f16-4743-a246-d636c5ae2f40,jorge donayre,865.2,"[{'KEY': '230617A', 'DATE': '2023-06-17', 'RANK': 3, 'POINTS': 865.2, 'AGE_MULTIPLIER': 0.6}]"
d4ca9a76-b858-44e4-972f-1b8fbaafa0e4,stijn bakker,863.8,"[{'KEY': '240601A', 'DATE': '2024-06-01', 'RANK': 9, 'POINTS': 536.2, 'AGE_MULTIPLIER': 1.0}, {'KEY': '230902N', 'DATE': '2023-09-02', 'RANK': 18, 'POINTS': 243.6, 'AGE_MULTIPLIER': 0.8}, {'KEY': '230422E', 'DATE': '2023-04-22', 'RANK': 23, 'POINTS': 84.0, 'AGE_MULTIPLIER': 0.6}]"
a5055228-750f-48b6-82cb-ec9b34a9e164,lavinia damaschin,855.0,"[{'KEY': '240504G', 'DATE': '2024-05-04', 'RANK': 8, 'POINTS': 640.5, 'AGE_MULTIPLIER': 1.0}, {'KEY': '240211G', 'DATE': '2024-02-11', 'RANK': 19, 'POINTS': 214.5, 'AGE_MULTIPLIER': 0.8}]"
b835b06f-d095-4079-8ac3-3ab241bf16fd,tom caniels,850.8,"[{'KEY': '240406E', 'DATE': '2024-04-06', 'RANK': 15, 'POINTS': 433.6, 'AGE_MULTIPLIER': 1.0}, {'KEY': '240629N', 'DATE': '2024-06-29', 'RANK': 24, 'POINTS': 295.4, 'AGE_MULTIPLIER': 1.0}, {'KEY': '230902N', 'DATE': '2023-09-02', 'RANK': 35, 'POINTS': 121.8, 'AGE_MULTIPLIER': 0.8}]"
aa5984ab-93ef-4fe3-af8e-51dd6a22b9f4,cameron ohlson,842.8,"[{'KEY': '240211G', 'DATE': '2024-02-11', 'RANK': 8, 'POINTS': 536.2, 'AGE_MULTIPLIER': 0.8}, {'KEY': '240120A', 'DATE': '2024-01-20', 'RANK': 13, 'POINTS': 306.6, 'AGE_MULTIPLIER': 0.8}]"
0db8b2cb-09e4-4640-aed2-78d86a79654b,sanne schra,822.8,"[{'KEY': '250315U', 'DATE': '2025-03-15', 'RANK': 12, 'POINTS': 322.0, 'AGE_MULTIPLIER': 1.0}, {'KEY': '240504G', 'DATE': '2024-05-04', 'RANK': 17, 'POINTS': 256.2, 'AGE_MULTIPLIER': 1.0}, {'KEY': '250223A', 'DATE': '2025-02-23', 'RANK': 15, 'POINTS': 244.6, 'AGE_MULTIPLIER': 1.0}]"
b396aa51-b0af-4c8d-a2e5-3b99960a4740,tim van caubergh,819.2,"[{'KEY': '230527G', 'DATE': '2023-05-27', 'RANK': 2, 'POINTS': 602.9, 'AGE_MULTIPLIER': 0.6}, {'KEY': '230617A', 'DATE': '2023-06-17', 'RANK': 21, 'POINTS': 216.3, 'AGE_MULTIPLIER': 0.6}]"
00a8dc14-9db1-401d-8798-7d664fa2d8c0,quinten van duin,811.4,"[{'KEY': '240211G', 'DATE': '2024-02-11', 'RANK': 15, 'POINTS': 321.7, 'AGE_MULTIPLIER': 0.8}, {'KEY': '240601A', 'DATE': '2024-06-01', 'RANK': 20, 'POINTS': 268.1, 'AGE_MULTIPLIER': 1.0}, {'KEY': '240629N', 'DATE': '2024-06-29', 'RANK': 28, 'POINTS': 221.5, 'AGE_MULTIPLIER': 1.0}]"
b6765974-a239-464f-a293-6c0389138545,wouter van tongeren,807.1,"[{'KEY': '250315U', 'DATE': '2025-03-15', 'RANK': 4, 'POINTS': 563.5, 'AGE_MULTIPLIER': 1.0}, {'KEY': '230902N', 'DATE': '2023-09-02', 'RANK': 21, 'POINTS': 243.6, 'AGE_MULTIPLIER': 0.8}]"
654a67bf-3b05-4419-bc97-a75311b04ce5,ulysse couturier,804.3,"[{'KEY': '240601A', 'DATE': '2024-06-01', 'RANK': 5, 'POINTS': 804.3, 'AGE_MULTIPLIER': 1.0}]"
7e1e774e-0c79-4e1e-a976-40a35ba3bfa8,pieter van der plas,782.6,"[{'KEY': '230902N', 'DATE': '2023-09-02', 'RANK': 9, 'POINTS': 487.2, 'AGE_MULTIPLIER': 0.8}, {'KEY': '240629N', 'DATE': '2024-06-29', 'RANK': 18, 'POINTS': 295.4, 'AGE_MULTIPLIER': 1.0}]"
e2af6674-27fd-4dc7-be1f-65385ebfa812,klemen peganc,782.2,"[{'KEY': '250223A', 'DATE': '2025-02-23', 'RANK': 10, 'POINTS': 326.2, 'AGE_MULTIPLIER': 1.0}, {'KEY': '250315U', 'DATE': '2025-03-15', 'RANK': 9, 'POINTS': 322.0, 'AGE_MULTIPLIER': 1.0}, {'KEY': '240601A', 'DATE': '2024-06-01', 'RANK': 35, 'POINTS': 134.1, 'AGE_MULTIPLIER': 1.0}]"
843a93e6-80c0-4b4d-bc69-e98fcf70b32a,maikel schils,764.6,"[{'KEY': '250315U', 'DATE': '2025-03-15', 'RANK': 4, 'POINTS': 563.5, 'AGE_MULTIPLIER': 1.0}, {'KEY': '240601A', 'DATE': '2024-06-01', 'RANK': 27, 'POINTS': 201.1, 'AGE_MULTIPLIER': 1.0}]"
489d9a7e-ed24-4f9e-9a4b-e09a21991162,jannes de meyer,757.0,"[{'KEY': '230617A', 'DATE': '2023-06-17', 'RANK': 4, 'POINTS': 757.0, 'AGE_MULTIPLIER': 0.6}]"
5bb0ffe7-8ef3-4f94-bd74-e6ff92c978dd,tuur demaegdt,757.0,"[{'KEY': '230617A', 'DATE': '2023-06-17', 'RANK': 4, 'POINTS': 757.0, 'AGE_MULTIPLIER': 0.6}]"
2cc7d66b-48e7-45fe-a5fc-4027f847f61d,rianne voerman,731.7,"[{'KEY': '250223A', 'DATE': '2025-02-23', 'RANK': 9, 'POINTS': 326.2, 'AGE_MULTIPLIER': 1.0}, {'KEY': '240120A', 'DATE': '2024-01-20', 'RANK': 22, 'POINTS': 204.4, 'AGE_MULTIPLIER': 0.8}, {'KEY': '240601A', 'DATE': '2024-06-01', 'RANK': 32, 'POINTS': 201.1, 'AGE_MULTIPLIER': 1.0}]"
7d3d93af-27bc-499c-bf13-cb27fc794294,tomas vermeulen,728.0,"[{'KEY': '250119G', 'DATE': '2025-01-19', 'RANK': 8, 'POINTS': 406.0, 'AGE_MULTIPLIER': 1.0}, {'KEY': '250315U', 'DATE': '2025-03-15', 'RANK': 10, 'POINTS': 322.0, 'AGE_MULTIPLIER': 1.0}]"
d9c5709f-ee46-4c1b-9624-737b11034b72,jonas adriaenssens,715.4,"[{'KEY': '240120A', 'DATE': '2024-01-20', 'RANK': 4, 'POINTS': 715.4, 'AGE_MULTIPLIER': 0.8}]"
b011da69-aaab-4bf9-96f8-ecbc7a592a85,thomas turner,715.4,"[{'KEY': '240120A', 'DATE': '2024-01-20', 'RANK': 4, 'POINTS': 715.4, 'AGE_MULTIPLIER': 0.8}]"
c4b7744b-6bf7-4e1b-990e-e9696efbb511,yannick onstenk,713.4,"[{'KEY': '240504G', 'DATE': '2024-05-04', 'RANK': 10, 'POINTS': 512.4, 'AGE_MULTIPLIER': 1.0}, {'KEY': '230527G', 'DATE': '2023-05-27', 'RANK': 14, 'POINTS': 201.0, 'AGE_MULTIPLIER': 0.6}]"
e66753f1-9d14-46f3-9731-42ecf51433f3,ben ten berge,703.5,"[{'KEY': '230902N', 'DATE': '2023-09-02', 'RANK': 9, 'POINTS': 487.2, 'AGE_MULTIPLIER': 0.8}, {'KEY': '230617A', 'DATE': '2023-06-17', 'RANK': 24, 'POINTS': 216.3, 'AGE_MULTIPLIER': 0.6}]"
24b32d29-5ca7-4fc8-9fa8-2708f2596d9c,bart haddink,696.9,"[{'KEY': '240211G', 'DATE': '2024-02-11', 'RANK': 11, 'POINTS': 429.0, 'AGE_MULTIPLIER': 0.8}, {'KEY': '230527G', 'DATE': '2023-05-27', 'RANK': 10, 'POINTS': 268.0, 'AGE_MULTIPLIER': 0.6}]"
8de40f2a-913d-4c88-a8b1-1a2fbba5d369,noah mensch,670.3,"[{'KEY': '240601A', 'DATE': '2024-06-01', 'RANK': 8, 'POINTS': 670.3, 'AGE_MULTIPLIER': 1.0}]"
c5263b87-ce5f-4c70-b963-99b944f65371,klara schöttgen,652.4,"[{'KEY': '250223A', 'DATE': '2025-02-23', 'RANK': 3, 'POINTS': 652.4, 'AGE_MULTIPLIER': 1.0}]"
90088296-3760-49c2-b637-dc5002cd44d4,emil wirsing,652.4,"[{'KEY': '250223A', 'DATE': '2025-02-23', 'RANK': 3, 'POINTS': 652.4, 'AGE_MULTIPLIER': 1.0}]"
c7ddf196-e297-4015-b030-621ac9b5da04,matic pusser,648.2,"[{'KEY': '250223A', 'DATE': '2025-02-23', 'RANK': 10, 'POINTS': 326.2, 'AGE_MULTIPLIER': 1.0}, {'KEY': '250315U', 'DATE': '2025-03-15', 'RANK': 9, 'POINTS': 322.0, 'AGE_MULTIPLIER': 1.0}]"
41a0b102-7989-48d3-a6f9-02247bef6585,hauke moeschke,640.5,"[{'KEY': '240504G', 'DATE': '2024-05-04', 'RANK': 7, 'POINTS': 640.5, 'AGE_MULTIPLIER': 1.0}]"
6665e21b-cf5a-4e5d-805e-fd3fc189226c,milan klaasman,629.3,"[{'KEY': '250223A', 'DATE': '2025-02-23', 'RANK': 8, 'POINTS': 407.7, 'AGE_MULTIPLIER': 1.0}, {'KEY': '240629N', 'DATE': '2024-06-29', 'RANK': 29, 'POINTS': 221.5, 'AGE_MULTIPLIER': 1.0}]"
b4c062a2-3299-440c-9a67-8c3b4ff07c94,oscar stolk,628.3,"[{'KEY': '240211G', 'DATE': '2024-02-11', 'RANK': 14, 'POINTS': 321.7, 'AGE_MULTIPLIER': 0.8}, {'KEY': '240120A', 'DATE': '2024-01-20', 'RANK': 14, 'POINTS': 306.6, 'AGE_MULTIPLIER': 0.8}]"
1cdaa09a-9b49-4036-bc4e-b037548d6b26,daan beelen,625.8,"[{'KEY': '240629N', 'DATE': '2024-06-29', 'RANK': 13, 'POINTS': 443.1, 'AGE_MULTIPLIER': 1.0}, {'KEY': '230902N', 'DATE': '2023-09-02', 'RANK': 29, 'POINTS': 182.7, 'AGE_MULTIPLIER': 0.8}]"
3b062624-13b7-4fa2-a387-5421015230ab,lorenz theobald,620.5,"[{'KEY': '250119G', 'DATE': '2025-01-19', 'RANK': 7, 'POINTS': 406.0, 'AGE_MULTIPLIER': 1.0}, {'KEY': '240211G', 'DATE': '2024-02-11', 'RANK': 17, 'POINTS': 214.5, 'AGE_MULTIPLIER': 0.8}]"
93a576c3-f27b-448e-91f9-988600801049,franka etzel,620.5,"[{'KEY': '250119G', 'DATE': '2025-01-19', 'RANK': 7, 'POINTS': 406.0, 'AGE_MULTIPLIER': 1.0}, {'KEY': '240211G', 'DATE': '2024-02-11', 'RANK': 17, 'POINTS': 214.5, 'AGE_MULTIPLIER': 0.8}]"
94bdf8f0-2b31-4ab7-bed2-4f38836c62c4,adriaan van gerven,613.2,"[{'KEY': '240120A', 'DATE': '2024-01-20', 'RANK': 5, 'POINTS': 613.2, 'AGE_MULTIPLIER': 0.8}]"
920d6e6f-8473-4e3a-901d-df7b889b4041,dante vanderveken,613.2,"[{'KEY': '240120A', 'DATE': '2024-01-20', 'RANK': 5, 'POINTS': 613.2, 'AGE_MULTIPLIER': 0.8}]"
70319a70-a07b-42da-a950-cc7490078139,lars jürgensen,603.6,"[{'KEY': '250315U', 'DATE': '2025-03-15', 'RANK': 8, 'POINTS': 402.5, 'AGE_MULTIPLIER': 1.0}, {'KEY': '240601A', 'DATE': '2024-06-01', 'RANK': 31, 'POINTS': 201.1, 'AGE_MULTIPLIER': 1.0}]"
c6008987-68f7-403e-ac77-f3563e9d2b51,annabel beiner,594.6,"[{'KEY': '240504G', 'DATE': '2024-05-04', 'RANK': 19, 'POINTS': 256.2, 'AGE_MULTIPLIER': 1.0}, {'KEY': '240120A', 'DATE': '2024-01-20', 'RANK': 24, 'POINTS': 204.4, 'AGE_MULTIPLIER': 0.8}, {'KEY': '230527G', 'DATE': '2023-05-27', 'RANK': 20, 'POINTS': 134.0, 'AGE_MULTIPLIER': 0.6}]"
9fcc2a16-52bf-4ed0-a71a-d451e79b3449,daniel horn,581.7,"[{'KEY': '230902N', 'DATE': '2023-09-02', 'RANK': 13, 'POINTS': 365.4, 'AGE_MULTIPLIER': 0.8}, {'KEY': '230617A', 'DATE': '2023-06-17', 'RANK': 18, 'POINTS': 216.3, 'AGE_MULTIPLIER': 0.6}]"
6b70ad6a-e13f-4728-a564-67cd0229a3c3,loes de groen,566.3,"[{'KEY': '250119G', 'DATE': '2025-01-19', 'RANK': 9, 'POINTS': 324.8, 'AGE_MULTIPLIER': 1.0}, {'KEY': '250315U', 'DATE': '2025-03-15', 'RANK': 14, 'POINTS': 241.5, 'AGE_MULTIPLIER': 1.0}]"
072b1e2e-a871-4f65-8672-0db120e8c906,florian verduijn,565.3,"[{'KEY': '240211G', 'DATE': '2024-02-11', 'RANK': 14, 'POINTS': 321.7, 'AGE_MULTIPLIER': 0.8}, {'KEY': '230902N', 'DATE': '2023-09-02', 'RANK': 22, 'POINTS': 243.6, 'AGE_MULTIPLIER': 0.8}]"
533c5774-53d1-411e-89b1-738d461a0e6b,lise pieper,551.8,"[{'KEY': '250315U', 'DATE': '2025-03-15', 'RANK': 13, 'POINTS': 241.5, 'AGE_MULTIPLIER': 1.0}, {'KEY': '231126E', 'DATE': '2023-11-26', 'RANK': 20, 'POINTS': 202.2, 'AGE_MULTIPLIER': 0.8}, {'KEY': '230617A', 'DATE': '2023-06-17', 'RANK': 36, 'POINTS': 108.1, 'AGE_MULTIPLIER': 0.6}]"
9f92b690-a735-4854-b4e7-09d34f970848,paul volle,540.8,"[{'KEY': '230617A', 'DATE': '2023-06-17', 'RANK': 8, 'POINTS': 540.8, 'AGE_MULTIPLIER': 0.6}]"
f773d914-915a-444c-9ba2-cfa521a8f6b2,tabriz popatia,540.8,"[{'KEY': '230617A', 'DATE': '2023-06-17', 'RANK': 8, 'POINTS': 540.8, 'AGE_MULTIPLIER': 0.6}]"
f6916f3f-3ddb-4e13-9826-1796ff477964,toan pauwels,536.2,"[{'KEY': '240601A', 'DATE': '2024-06-01', 'RANK': 12, 'POINTS': 536.2, 'AGE_MULTIPLIER': 1.0}]"
7ac7c1a8-c176-42c4-8bbe-c231eaae643d,irian baert,536.2,"[{'KEY': '240601A', 'DATE': '2024-06-01', 'RANK': 12, 'POINTS': 536.2, 'AGE_MULTIPLIER': 1.0}]"
11a8a4af-d1b2-4601-b7ee-c31501abd990,gijs van gerwen,528.4,"[{'KEY': '240120A', 'DATE': '2024-01-20', 'RANK': 18, 'POINTS': 204.4, 'AGE_MULTIPLIER': 0.8}, {'KEY': '231126E', 'DATE': '2023-11-26', 'RANK': 17, 'POINTS': 202.2, 'AGE_MULTIPLIER': 0.8}, {'KEY': '230902N', 'DATE': '2023-09-02', 'RANK': 35, 'POINTS': 121.8, 'AGE_MULTIPLIER': 0.8}]"
eebf7352-e012-48f4-bc55-b124019afa8e,konstantin dimov,526.4,"[{'KEY': '240601A', 'DATE': '2024-06-01', 'RANK': 23, 'POINTS': 268.1, 'AGE_MULTIPLIER': 1.0}, {'KEY': '230617A', 'DATE': '2023-06-17', 'RANK': 23, 'POINTS': 216.3, 'AGE_MULTIPLIER': 0.6}, {'KEY': '230422E', 'DATE': '2023-04-22', 'RANK': 33, 'POINTS': 42.0, 'AGE_MULTIPLIER': 0.6}]"
6b109e3e-5b65-4df9-b40e-78ee1765a87a,albert gracia,516.2,"[{'KEY': '241130E', 'DATE': '2024-11-30', 'RANK': 8, 'POINTS': 516.2, 'AGE_MULTIPLIER': 1.0}]"
cbff8d9c-8cb0-4cfb-8e79-5d0459e8f1b7,britt vankemenade,511.0,"[{'KEY': '240120A', 'DATE': '2024-01-20', 'RANK': 8, 'POINTS': 511.0, 'AGE_MULTIPLIER': 0.8}]"
90f6ffb2-69a0-4069-a414-2eb568d1d70c,marie-alexia teisseyre,511.0,"[{'KEY': '240120A', 'DATE': '2024-01-20', 'RANK': 8, 'POINTS': 511.0, 'AGE_MULTIPLIER': 0.8}]"
f131a860-623b-4b4a-90c0-6a72236662a1,bauke van der kooij,509.9,"[{'KEY': '240629N', 'DATE': '2024-06-29', 'RANK': 21, 'POINTS': 295.4, 'AGE_MULTIPLIER': 1.0}, {'KEY': '240211G', 'DATE': '2024-02-11', 'RANK': 18, 'POINTS': 214.5, 'AGE_MULTIPLIER': 0.8}]"
0a8c632d-301e-4f40-82a7-5078c8a304bb,martin sievert,487.2,"[{'KEY': '230902N', 'DATE': '2023-09-02', 'RANK': 11, 'POINTS': 487.2, 'AGE_MULTIPLIER': 0.8}]"
765cb2b6-d898-42a1-9da4-d5af405c7436,simmeon gastineau,487.2,"[{'KEY': '250119G', 'DATE': '2025-01-19', 'RANK': 6, 'POINTS': 487.2, 'AGE_MULTIPLIER': 1.0}]"
eeaafb52-78a0-462a-b9e5-1a508ed9c43d,adam drong,477.7,"[{'KEY': '240504G', 'DATE': '2024-05-04', 'RANK': 18, 'POINTS': 256.2, 'AGE_MULTIPLIER': 1.0}, {'KEY': '240629N', 'DATE': '2024-06-29', 'RANK': 30, 'POINTS': 221.5, 'AGE_MULTIPLIER': 1.0}]"
5963d10e-2258-45d7-944f-31dd813e346b,tessel van manen,472.5,"[{'KEY': '240601A', 'DATE': '2024-06-01', 'RANK': 18, 'POINTS': 268.1, 'AGE_MULTIPLIER': 1.0}, {'KEY': '240120A', 'DATE': '2024-01-20', 'RANK': 20, 'POINTS': 204.4, 'AGE_MULTIPLIER': 0.8}]"
a8f11cb9-0c92-456b-b19d-570ea20debb6,matthijs g,470.7,"[{'KEY': '240504G', 'DATE': '2024-05-04', 'RANK': 17, 'POINTS': 256.2, 'AGE_MULTIPLIER': 1.0}, {'KEY': '240211G', 'DATE': '2024-02-11', 'RANK': 18, 'POINTS': 214.5, 'AGE_MULTIPLIER': 0.8}]"
05f0326d-a2e3-40d2-b9f5-faa7120a2bdf,johannes lang,468.9,"[{'KEY': '230527G', 'DATE': '2023-05-27', 'RANK': 4, 'POINTS': 468.9, 'AGE_MULTIPLIER': 0.6}]"
1db32d06-15b3-4bf2-981a-050f5f515ca4,shannon dieltjes,447.3,"[{'KEY': '240504G', 'DATE': '2024-05-04', 'RANK': 14, 'POINTS': 384.3, 'AGE_MULTIPLIER': 1.0}, {'KEY': '230422E', 'DATE': '2023-04-22', 'RANK': 27, 'POINTS': 63.0, 'AGE_MULTIPLIER': 0.6}]"
87e51fca-22c5-4d10-b9e9-79f9e8ed43c6,pippa schippers,445.7,"[{'KEY': '250223A', 'DATE': '2025-02-23', 'RANK': 15, 'POINTS': 244.6, 'AGE_MULTIPLIER': 1.0}, {'KEY': '240601A', 'DATE': '2024-06-01', 'RANK': 29, 'POINTS': 201.1, 'AGE_MULTIPLIER': 1.0}]"
a9febb23-2da4-4409-91e0-946a7c4d898a,bas cornelissen,443.1,"[{'KEY': '240629N', 'DATE': '2024-06-29', 'RANK': 13, 'POINTS': 443.1, 'AGE_MULTIPLIER': 1.0}]"
651954c3-9f9a-46f1-8994-fcb5e6066226,adéla janků,429.0,"[{'KEY': '240211G', 'DATE': '2024-02-11', 'RANK': 12, 'POINTS': 429.0, 'AGE_MULTIPLIER': 0.8}]"
47f3097d-dc5d-4d76-a180-271b89bfd446,casper zomerdijk,428.4,"[{'KEY': '240120A', 'DATE': '2024-01-20', 'RANK': 15, 'POINTS': 306.6, 'AGE_MULTIPLIER': 0.8}, {'KEY': '230902N', 'DATE': '2023-09-02', 'RANK': 34, 'POINTS': 121.8, 'AGE_MULTIPLIER': 0.8}]"
9089cddc-f051-4b79-a358-d7b5c7993f2a,birk warnecke,420.0,"[{'KEY': '230422E', 'DATE': '2023-04-22', 'RANK': 1, 'POINTS': 420.0, 'AGE_MULTIPLIER': 0.6}]"
5db6ce2d-52c9-4ff4-aea3-5c75f4980edc,lukas donovan,420.0,"[{'KEY': '230422E', 'DATE': '2023-04-22', 'RANK': 1, 'POINTS': 420.0, 'AGE_MULTIPLIER': 0.6}]"
8e8404db-faf3-46d0-a95c-dc61b2c6d6c1,pim jansen,413.0,"[{'KEY': '241130E', 'DATE': '2024-11-30', 'RANK': 12, 'POINTS': 413.0, 'AGE_MULTIPLIER': 1.0}]"
42bf5f27-09bd-4547-a991-84ae90db93a5,roel van gerner,413.0,"[{'KEY': '241130E', 'DATE': '2024-11-30', 'RANK': 12, 'POINTS': 413.0, 'AGE_MULTIPLIER': 1.0}]"
24ea6fbb-2f3a-47f4-a142-d5e17e42bb96,jasper zeevaarder,413.0,"[{'KEY': '241130E', 'DATE': '2024-11-30', 'RANK': 11, 'POINTS': 413.0, 'AGE_MULTIPLIER': 1.0}]"
48e815c5-7dbe-431b-bf4c-4f484953623e,patrick costa,407.7,"[{'KEY': '250223A', 'DATE': '2025-02-23', 'RANK': 7, 'POINTS': 407.7, 'AGE_MULTIPLIER': 1.0}]"
5e7487b6-91e4-48ae-8713-14e97e65420d,han holtmann,407.7,"[{'KEY': '250223A', 'DATE': '2025-02-23', 'RANK': 7, 'POINTS': 407.7, 'AGE_MULTIPLIER': 1.0}]"
0bc61674-4c45-4a65-a538-49a7f2c16ccd,boris vermeulen,406.0,"[{'KEY': '250119G', 'DATE': '2025-01-19', 'RANK': 8, 'POINTS': 406.0, 'AGE_MULTIPLIER': 1.0}]"
cbcc17a7-f0f1-4012-a863-511402158f8f,lorenzo palm,404.3,"[{'KEY': '231126E', 'DATE': '2023-11-26', 'RANK': 10, 'POINTS': 404.3, 'AGE_MULTIPLIER': 0.8}]"
583e995f-0433-40ad-9768-2cb19e9b9dcd,ben frischen,404.3,"[{'KEY': '231126E', 'DATE': '2023-11-26', 'RANK': 10, 'POINTS': 404.3, 'AGE_MULTIPLIER': 0.8}]"
bc35ad78-bd7f-4afe-8cbe-2bec2ddf8906,anna we,404.3,"[{'KEY': '231126E', 'DATE': '2023-11-26', 'RANK': 9, 'POINTS': 404.3, 'AGE_MULTIPLIER': 0.8}]"
2a5c898f-83c9-429e-ba5e-800ce2d251c9,dennis erlenbusch,404.3,"[{'KEY': '231126E', 'DATE': '2023-11-26', 'RANK': 9, 'POINTS': 404.3, 'AGE_MULTIPLIER': 0.8}]"
49e9dc11-85ac-4e5d-88b7-652a91a56ac1,lukas schubotz,404.2,"[{'KEY': '240629N', 'DATE': '2024-06-29', 'RANK': 27, 'POINTS': 221.5, 'AGE_MULTIPLIER': 1.0}, {'KEY': '230902N', 'DATE': '2023-09-02', 'RANK': 25, 'POINTS': 182.7, 'AGE_MULTIPLIER': 0.8}]"
c3c5760c-8a4f-4364-8c72-7b06d0cc01ff,thijs benschop,404.2,"[{'KEY': '240629N', 'DATE': '2024-06-29', 'RANK': 27, 'POINTS': 221.5, 'AGE_MULTIPLIER': 1.0}, {'KEY': '230902N', 'DATE': '2023-09-02', 'RANK': 25, 'POINTS': 182.7, 'AGE_MULTIPLIER': 0.8}]"
88b7cc60-1ea6-4c05-affd-de5ea396e1a7,burag hançer,402.5,"[{'KEY': '250315U', 'DATE': '2025-03-15', 'RANK': 8, 'POINTS': 402.5, 'AGE_MULTIPLIER': 1.0}]"
230bafa3-06ad-4d25-bd75-dda3dc65731f,mathias gerstner,402.2,"[{'KEY': '240601A', 'DATE': '2024-06-01', 'RANK': 13, 'POINTS': 402.2, 'AGE_MULTIPLIER': 1.0}]"
7c785fe4-5b00-47a0-9074-29ee2d2866c9,franka tabitha etzel,384.3,"[{'KEY': '240504G', 'DATE': '2024-05-04', 'RANK': 15, 'POINTS': 384.3, 'AGE_MULTIPLIER': 1.0}]"
0b297f60-0a49-4b93-a2e4-61294fc60c8e,lorenz theobold,384.3,"[{'KEY': '240504G', 'DATE': '2024-05-04', 'RANK': 15, 'POINTS': 384.3, 'AGE_MULTIPLIER': 1.0}]"
899a3663-5781-48ee-97c2-38c5a2423022,maud wieland,378.7,"[{'KEY': '250223A', 'DATE': '2025-02-23', 'RANK': 16, 'POINTS': 244.6, 'AGE_MULTIPLIER': 1.0}, {'KEY': '240601A', 'DATE': '2024-06-01', 'RANK': 38, 'POINTS': 134.1, 'AGE_MULTIPLIER': 1.0}]"
6b497206-f6bf-472c-aa31-3d26bd6a6dc1,thieri balk,372.4,"[{'KEY': '230902N', 'DATE': '2023-09-02', 'RANK': 30, 'POINTS': 182.7, 'AGE_MULTIPLIER': 0.8}, {'KEY': '240629N', 'DATE': '2024-06-29', 'RANK': 34, 'POINTS': 147.7, 'AGE_MULTIPLIER': 1.0}, {'KEY': '230422E', 'DATE': '2023-04-22', 'RANK': 34, 'POINTS': 42.0, 'AGE_MULTIPLIER': 0.6}]"
2cc75d61-226a-41dc-9bdd-ccb4f36e1b8f,luuk vd klein,363.3,"[{'KEY': '240601A', 'DATE': '2024-06-01', 'RANK': 29, 'POINTS': 201.1, 'AGE_MULTIPLIER': 1.0}, {'KEY': '230617A', 'DATE': '2023-06-17', 'RANK': 26, 'POINTS': 162.2, 'AGE_MULTIPLIER': 0.6}]"
6c21fc15-a8ab-4c1f-9f85-5d36b886afa4,marjolein veldman,348.8,"[{'KEY': '240601A', 'DATE': '2024-06-01', 'RANK': 26, 'POINTS': 201.1, 'AGE_MULTIPLIER': 1.0}, {'KEY': '240629N', 'DATE': '2024-06-29', 'RANK': 35, 'POINTS': 147.7, 'AGE_MULTIPLIER': 1.0}]"
8c7e70d2-8c14-4ed3-b1dd-856d5982474b,louis blum,336.0,"[{'KEY': '230422E', 'DATE': '2023-04-22', 'RANK': 3, 'POINTS': 336.0, 'AGE_MULTIPLIER': 0.6}]"
2d01d15c-b2f6-4c8e-9e02-f43fd8221400,david geld,336.0,"[{'KEY': '230422E', 'DATE': '2023-04-22', 'RANK': 3, 'POINTS': 336.0, 'AGE_MULTIPLIER': 0.6}]"
14f8ed47-cdc3-4216-86dc-11ec6911bcc0,ieke berens,330.4,"[{'KEY': '230902N', 'DATE': '2023-09-02', 'RANK': 30, 'POINTS': 182.7, 'AGE_MULTIPLIER': 0.8}, {'KEY': '240629N', 'DATE': '2024-06-29', 'RANK': 34, 'POINTS': 147.7, 'AGE_MULTIPLIER': 1.0}]"
224cd940-ef1b-4e94-b7b2-bae4a0dc0f17,sergio vianen,326.2,"[{'KEY': '250223A', 'DATE': '2025-02-23', 'RANK': 11, 'POINTS': 326.2, 'AGE_MULTIPLIER': 1.0}]"
02c90821-2dcf-4dd9-886b-fddb2d5353e9,jurriën van marle,326.2,"[{'KEY': '250223A', 'DATE': '2025-02-23', 'RANK': 11, 'POINTS': 326.2, 'AGE_MULTIPLIER': 1.0}]"
b6e9759d-54a2-4586-96df-0e753c3efb0e,beleke de zwart,326.2,"[{'KEY': '250223A', 'DATE': '2025-02-23', 'RANK': 12, 'POINTS': 326.2, 'AGE_MULTIPLIER': 1.0}]"
5a74347d-0a4f-4c2b-8c35-7c022013ee2b,jim buhler,324.4,"[{'KEY': '230617A', 'DATE': '2023-06-17', 'RANK': 14, 'POINTS': 324.4, 'AGE_MULTIPLIER': 0.6}]"
c2b34185-a961-470e-8801-1bae985ad8d6,tomas juch,324.4,"[{'KEY': '230617A', 'DATE': '2023-06-17', 'RANK': 13, 'POINTS': 324.4, 'AGE_MULTIPLIER': 0.6}]"
d2cb7629-20f1-4f11-a78e-8b77401d6a89,gadiel rachelson,324.4,"[{'KEY': '230617A', 'DATE': '2023-06-17', 'RANK': 14, 'POINTS': 324.4, 'AGE_MULTIPLIER': 0.6}]"
87260306-9a8c-4c05-9b52-fcb33eec6686,ruben soerel,324.4,"[{'KEY': '230617A', 'DATE': '2023-06-17', 'RANK': 13, 'POINTS': 324.4, 'AGE_MULTIPLIER': 0.6}]"
106964c6-02bd-45b2-a03f-7b98698a945d,carien boessenkool,322.0,"[{'KEY': '250315U', 'DATE': '2025-03-15', 'RANK': 10, 'POINTS': 322.0, 'AGE_MULTIPLIER': 1.0}]"
d7fdb290-6dfc-4f8b-90b4-ec901a6c38b3,david vermeulen,322.0,"[{'KEY': '250315U', 'DATE': '2025-03-15', 'RANK': 11, 'POINTS': 322.0, 'AGE_MULTIPLIER': 1.0}]"
1e7daeaa-b888-4ee5-9324-d40a1ab7d970,sven ebels,322.0,"[{'KEY': '250315U', 'DATE': '2025-03-15', 'RANK': 11, 'POINTS': 322.0, 'AGE_MULTIPLIER': 1.0}]"
49c6c515-2e9e-4d19-9280-48dafc7dd58c,pucki obermuller,322.0,"[{'KEY': '250315U', 'DATE': '2025-03-15', 'RANK': 12, 'POINTS': 322.0, 'AGE_MULTIPLIER': 1.0}]"
6b2d170d-32c1-4422-93f9-c39e0e707e45,aart jan lenstra,321.7,"[{'KEY': '240211G', 'DATE': '2024-02-11', 'RANK': 16, 'POINTS': 321.7, 'AGE_MULTIPLIER': 0.8}]"
467fd654-453f-4cd2-9975-032f94d11b0d,twan schoonen,306.6,"[{'KEY': '240120A', 'DATE': '2024-01-20', 'RANK': 14, 'POINTS': 306.6, 'AGE_MULTIPLIER': 0.8}]"
29f001e6-ae8c-464f-8f77-f24c1b71df73,luuk geelen,303.2,"[{'KEY': '231126E', 'DATE': '2023-11-26', 'RANK': 16, 'POINTS': 303.2, 'AGE_MULTIPLIER': 0.8}]"
b894320b-6d6d-4659-97b7-979af8f92224,peter vree,303.2,"[{'KEY': '231126E', 'DATE': '2023-11-26', 'RANK': 16, 'POINTS': 303.2, 'AGE_MULTIPLIER': 0.8}]"
6dcbe5ff-72b0-4cb9-9d1c-043f93c75263,rowan westerduin,295.4,"[{'KEY': '240629N', 'DATE': '2024-06-29', 'RANK': 17, 'POINTS': 295.4, 'AGE_MULTIPLIER': 1.0}]"
c03e87bc-90d8-4f2f-b31c-c9c1e6fadf32,niels van oostrum,295.4,"[{'KEY': '240629N', 'DATE': '2024-06-29', 'RANK': 17, 'POINTS': 295.4, 'AGE_MULTIPLIER': 1.0}]"
81b9652b-ac8c-4cbf-ac36-b81913483054,liam van hees,295.4,"[{'KEY': '240629N', 'DATE': '2024-06-29', 'RANK': 19, 'POINTS': 295.4, 'AGE_MULTIPLIER': 1.0}]"
e4c2feab-10f9-4700-b83d-18dd911a3900,stef boot,295.4,"[{'KEY': '240629N', 'DATE': '2024-06-29', 'RANK': 19, 'POINTS': 295.4, 'AGE_MULTIPLIER': 1.0}]"
266936d4-5ed3-4fb5-8103-7d85c75c2f86,tom gobee,295.4,"[{'KEY': '240629N', 'DATE': '2024-06-29', 'RANK': 20, 'POINTS': 295.4, 'AGE_MULTIPLIER': 1.0}]"
f1246fbf-9364-44d7-86b9-06bde428f071,thomas van echtelt,295.4,"[{'KEY': '240629N', 'DATE': '2024-06-29', 'RANK': 20, 'POINTS': 295.4, 'AGE_MULTIPLIER': 1.0}]"
6d374bd0-30a3-4bf0-9397-bc6a1619cc5c,maikel schills,295.4,"[{'KEY': '240629N', 'DATE': '2024-06-29', 'RANK': 23, 'POINTS': 295.4, 'AGE_MULTIPLIER': 1.0}]"
1cca467f-bb69-4d70-9356-0726e7674f3c,bas rudolphy,295.4,"[{'KEY': '240629N', 'DATE': '2024-06-29', 'RANK': 18, 'POINTS': 295.4, 'AGE_MULTIPLIER': 1.0}]"
3b864670-42ab-4916-99fe-350503e5c93b,miguel dionisio,289.1,"[{'KEY': '240406E', 'DATE': '2024-04-06', 'RANK': 17, 'POINTS': 289.1, 'AGE_MULTIPLIER': 1.0}]"
37bc9f63-ff0c-4db6-9a47-02c6fa3553d3,teo constantinescu,289.1,"[{'KEY': '240406E', 'DATE': '2024-04-06', 'RANK': 17, 'POINTS': 289.1, 'AGE_MULTIPLIER': 1.0}]"
1ef3a030-f285-4c65-80ff-ab40e630deec,nicole ijff,275.1,"[{'KEY': '240120A', 'DATE': '2024-01-20', 'RANK': 25, 'POINTS': 153.3, 'AGE_MULTIPLIER': 0.8}, {'KEY': '230902N', 'DATE': '2023-09-02', 'RANK': 34, 'POINTS': 121.8, 'AGE_MULTIPLIER': 0.8}]"
f75caec4-da77-4e92-b073-432957c0e4aa,sven gerritsen,268.1,"[{'KEY': '240601A', 'DATE': '2024-06-01', 'RANK': 23, 'POINTS': 268.1, 'AGE_MULTIPLIER': 1.0}]"
9e55c38b-2046-4045-b67b-30faa29a446a,anicea saliba,268.1,"[{'KEY': '240601A', 'DATE': '2024-06-01', 'RANK': 17, 'POINTS': 268.1, 'AGE_MULTIPLIER': 1.0}]"
b96eac42-0175-48b2-b82c-dab0a9f2b997,sanne hogesteeger,268.0,"[{'KEY': '240601A', 'DATE': '2024-06-01', 'RANK': 33, 'POINTS': 134.1, 'AGE_MULTIPLIER': 1.0}, {'KEY': '230527G', 'DATE': '2023-05-27', 'RANK': 21, 'POINTS': 134.0, 'AGE_MULTIPLIER': 0.6}]"
d982cfcf-5bf5-4199-af1e-c3bce542dff2,david moulin,268.0,"[{'KEY': '230527G', 'DATE': '2023-05-27', 'RANK': 12, 'POINTS': 268.0, 'AGE_MULTIPLIER': 0.6}]"
3c5ec873-3eb0-440c-a028-2ecb44d26b22,vishesh sawhney,261.5,"[{'KEY': '240120A', 'DATE': '2024-01-20', 'RANK': 25, 'POINTS': 153.3, 'AGE_MULTIPLIER': 0.8}, {'KEY': '230617A', 'DATE': '2023-06-17', 'RANK': 34, 'POINTS': 108.1, 'AGE_MULTIPLIER': 0.6}]"
278ac9f0-8b11-42e8-acc0-1e972f4198d8,guillaume paris,256.2,"[{'KEY': '240504G', 'DATE': '2024-05-04', 'RANK': 18, 'POINTS': 256.2, 'AGE_MULTIPLIER': 1.0}]"
fff1db0f-d4ec-4438-aefd-787f961f492f,lennart wiepking,252.0,"[{'KEY': '230422E', 'DATE': '2023-04-22', 'RANK': 5, 'POINTS': 252.0, 'AGE_MULTIPLIER': 0.6}]"
d5b07d38-60c4-45b7-b4a4-70ac767e2c45,kolja jannes,252.0,"[{'KEY': '230422E', 'DATE': '2023-04-22', 'RANK': 5, 'POINTS': 252.0, 'AGE_MULTIPLIER': 0.6}]"
2ec98de0-2fe0-4bb8-9a7e-ded59fe6eaf7,milan battistella,246.2,"[{'KEY': '230617A', 'DATE': '2023-06-17', 'RANK': 30, 'POINTS': 162.2, 'AGE_MULTIPLIER': 0.6}, {'KEY': '230422E', 'DATE': '2023-04-22', 'RANK': 20, 'POINTS': 84.0, 'AGE_MULTIPLIER': 0.6}]"
86ed8fdc-1aa8-4399-a22a-274ec5740dce,dana voerman,244.6,"[{'KEY': '250223A', 'DATE': '2025-02-23', 'RANK': 14, 'POINTS': 244.6, 'AGE_MULTIPLIER': 1.0}]"
c49d5284-0e3c-48f3-ba10-ad3584901db6,mitchell hupkens,244.6,"[{'KEY': '250223A', 'DATE': '2025-02-23', 'RANK': 14, 'POINTS': 244.6, 'AGE_MULTIPLIER': 1.0}]"
bd9c2fca-d881-4a6f-a1d0-b55a7ebe1ee6,yvette weel,244.6,"[{'KEY': '250223A', 'DATE': '2025-02-23', 'RANK': 16, 'POINTS': 244.6, 'AGE_MULTIPLIER': 1.0}]"
d6aa12d0-d16b-40e1-93d0-c144163846d4,remon poelman,243.6,"[{'KEY': '230902N', 'DATE': '2023-09-02', 'RANK': 24, 'POINTS': 243.6, 'AGE_MULTIPLIER': 0.8}]"
3e904655-8444-4a64-b51d-61ebc34c0a1e,twan zonneveld,243.6,"[{'KEY': '230902N', 'DATE': '2023-09-02', 'RANK': 23, 'POINTS': 243.6, 'AGE_MULTIPLIER': 0.8}]"
4933bbdb-9491-41f3-a328-5d534bc05ce3,koen zonneveld,243.6,"[{'KEY': '230902N', 'DATE': '2023-09-02', 'RANK': 23, 'POINTS': 243.6, 'AGE_MULTIPLIER': 0.8}]"
ba7c75f7-8c8a-4923-a8eb-8a8c157a8425,job van maastricht,243.6,"[{'KEY': '230902N', 'DATE': '2023-09-02', 'RANK': 24, 'POINTS': 243.6, 'AGE_MULTIPLIER': 0.8}]"
1f7ea4ae-4fbb-4ed0-bae5-367934002252,geert douwe de vries,243.6,"[{'KEY': '230902N', 'DATE': '2023-09-02', 'RANK': 22, 'POINTS': 243.6, 'AGE_MULTIPLIER': 0.8}]"
67ea8842-d30c-4874-8de0-a9b15cbd8900,arthur boerman,243.6,"[{'KEY': '230902N', 'DATE': '2023-09-02', 'RANK': 21, 'POINTS': 243.6, 'AGE_MULTIPLIER': 0.8}]"
5d6bd77a-3544-462a-9f9f-4ad62480e9d3,nick e,241.5,"[{'KEY': '250315U', 'DATE': '2025-03-15', 'RANK': 15, 'POINTS': 241.5, 'AGE_MULTIPLIER': 1.0}]"
26e84e6c-4ad1-478d-83dd-d5f3517195a3,gosse metz,241.5,"[{'KEY': '250315U', 'DATE': '2025-03-15', 'RANK': 14, 'POINTS': 241.5, 'AGE_MULTIPLIER': 1.0}]"
de31d2ef-7bf8-471e-b99b-aaa63fe3f03a,peter muller,241.5,"[{'KEY': '250315U', 'DATE': '2025-03-15', 'RANK': 15, 'POINTS': 241.5, 'AGE_MULTIPLIER': 1.0}]"
2075805e-c7d8-4b53-8de8-dee146c72d81,marta devesa cabrera,241.5,"[{'KEY': '250315U', 'DATE': '2025-03-15', 'RANK': 13, 'POINTS': 241.5, 'AGE_MULTIPLIER': 1.0}]"
82606961-eed5-499c-82db-c487ab1f0520,p muller,221.5,"[{'KEY': '240629N', 'DATE': '2024-06-29', 'RANK': 32, 'POINTS': 221.5, 'AGE_MULTIPLIER': 1.0}]"
ecb40b10-b887-4631-9b9e-e80e0a88ba25,jasper hermsen,221.5,"[{'KEY': '240629N', 'DATE': '2024-06-29', 'RANK': 25, 'POINTS': 221.5, 'AGE_MULTIPLIER': 1.0}]"
24bec260-9f14-4f25-997b-617502c5e88b,fabian van hummel,221.5,"[{'KEY': '240629N', 'DATE': '2024-06-29', 'RANK': 25, 'POINTS': 221.5, 'AGE_MULTIPLIER': 1.0}]"
622d5c98-01ca-4825-bec8-db755654acb0,luke wright,221.5,"[{'KEY': '240629N', 'DATE': '2024-06-29', 'RANK': 26, 'POINTS': 221.5, 'AGE_MULTIPLIER': 1.0}]"
57eee2b2-f89d-4a82-b0da-f95b4e823eab,stan an der enden,221.5,"[{'KEY': '240629N', 'DATE': '2024-06-29', 'RANK': 30, 'POINTS': 221.5, 'AGE_MULTIPLIER': 1.0}]"
1a89cba6-9d80-4b39-aee1-84590475bf8b,m saeidi ,221.5,"[{'KEY': '240629N', 'DATE': '2024-06-29', 'RANK': 31, 'POINTS': 221.5, 'AGE_MULTIPLIER': 1.0}]"
2e69f7a7-d5b6-46c1-8042-c9b8e7e7625c,b houweling,221.5,"[{'KEY': '240629N', 'DATE': '2024-06-29', 'RANK': 31, 'POINTS': 221.5, 'AGE_MULTIPLIER': 1.0}]"
c7d85a0b-5f1e-410c-b79a-27c08cd41950,jesse m,216.3,"[{'KEY': '230617A', 'DATE': '2023-06-17', 'RANK': 21, 'POINTS': 216.3, 'AGE_MULTIPLIER': 0.6}]"
8b7bdc95-6f75-43b7-a6dd-a1828ae30f9e,mathijs de groot,216.3,"[{'KEY': '230617A', 'DATE': '2023-06-17', 'RANK': 24, 'POINTS': 216.3, 'AGE_MULTIPLIER': 0.6}]"
450b04dd-2224-4b29-a7e8-2a24e5bdfed8,marian haydn,214.5,"[{'KEY': '240211G', 'DATE': '2024-02-11', 'RANK': 19, 'POINTS': 214.5, 'AGE_MULTIPLIER': 0.8}]"
6d2c07e3-94fa-475d-a746-09cac41a1831,thomas roine,210.0,"[{'KEY': '230422E', 'DATE': '2023-04-22', 'RANK': 7, 'POINTS': 210.0, 'AGE_MULTIPLIER': 0.6}]"
c6820fd9-0742-45c1-9b4b-41a0537e9877,mika mundo,210.0,"[{'KEY': '230422E', 'DATE': '2023-04-22', 'RANK': 7, 'POINTS': 210.0, 'AGE_MULTIPLIER': 0.6}]"
d75c9ad5-a812-457c-ba74-6de09518a948,singrid feitosa alexandrino,204.4,"[{'KEY': '240120A', 'DATE': '2024-01-20', 'RANK': 19, 'POINTS': 204.4, 'AGE_MULTIPLIER': 0.8}]"
e75f4415-f68e-4898-bed0-a5a4010cc9a4,pieter-jan zwaan,204.4,"[{'KEY': '240120A', 'DATE': '2024-01-20', 'RANK': 17, 'POINTS': 204.4, 'AGE_MULTIPLIER': 0.8}]"
7e247aa9-f377-48a3-8fa4-b36cab7377d3,steven biemans,204.4,"[{'KEY': '240120A', 'DATE': '2024-01-20', 'RANK': 23, 'POINTS': 204.4, 'AGE_MULTIPLIER': 0.8}]"
11de24c3-66bd-4fb1-ab27-a46751e1b183,lieze dockx,204.4,"[{'KEY': '240120A', 'DATE': '2024-01-20', 'RANK': 17, 'POINTS': 204.4, 'AGE_MULTIPLIER': 0.8}]"
c066106f-3da3-415a-98ae-bdd3557b905c,remy rousselle,204.4,"[{'KEY': '240120A', 'DATE': '2024-01-20', 'RANK': 21, 'POINTS': 204.4, 'AGE_MULTIPLIER': 0.8}]"
051de24d-e810-48a1-9f81-3f04ba427d7b,antoine sapena,204.4,"[{'KEY': '240120A', 'DATE': '2024-01-20', 'RANK': 21, 'POINTS': 204.4, 'AGE_MULTIPLIER': 0.8}]"
c32b5b6d-6e7f-4e67-b992-d7e04fd7f627,michelle sudjito,202.2,"[{'KEY': '231126E', 'DATE': '2023-11-26', 'RANK': 21, 'POINTS': 202.2, 'AGE_MULTIPLIER': 0.8}]"
056ecc1e-f42b-4d7c-83cb-d3ceea44fe67,marjolijn van schagen,202.2,"[{'KEY': '231126E', 'DATE': '2023-11-26', 'RANK': 21, 'POINTS': 202.2, 'AGE_MULTIPLIER': 0.8}]"
9040f00a-d133-4e58-aeff-cb8745ad7630,sarah sommerschuh,202.2,"[{'KEY': '231126E', 'DATE': '2023-11-26', 'RANK': 20, 'POINTS': 202.2, 'AGE_MULTIPLIER': 0.8}]"
8d241171-50e1-4497-b47c-e8802a1b9120,rebecca fagerland,201.1,"[{'KEY': '240601A', 'DATE': '2024-06-01', 'RANK': 30, 'POINTS': 201.1, 'AGE_MULTIPLIER': 1.0}]"
79f47836-7e03-41ae-8207-1547b87439e6,melanie haeusel,201.1,"[{'KEY': '240601A', 'DATE': '2024-06-01', 'RANK': 28, 'POINTS': 201.1, 'AGE_MULTIPLIER': 1.0}]"
6172e665-c688-4be6-9b17-9d61bfa205f5,jess moore,201.1,"[{'KEY': '240601A', 'DATE': '2024-06-01', 'RANK': 31, 'POINTS': 201.1, 'AGE_MULTIPLIER': 1.0}]"
cd63a295-1abb-40c7-abbf-09ba23a10023,jasper voerman,201.1,"[{'KEY': '240601A', 'DATE': '2024-06-01', 'RANK': 32, 'POINTS': 201.1, 'AGE_MULTIPLIER': 1.0}]"
410d59dc-07c9-48d1-a93e-36a83d582ccf,haiko rijkers,201.1,"[{'KEY': '240601A', 'DATE': '2024-06-01', 'RANK': 26, 'POINTS': 201.1, 'AGE_MULTIPLIER': 1.0}]"
0318a22e-10b3-4c15-9b12-c01670b11c66,raphaël wiedmer,201.1,"[{'KEY': '240601A', 'DATE': '2024-06-01', 'RANK': 30, 'POINTS': 201.1, 'AGE_MULTIPLIER': 1.0}]"
3c147427-b332-4e67-a5c9-0f92b7364fda,thibaut weller,201.1,"[{'KEY': '240601A', 'DATE': '2024-06-01', 'RANK': 28, 'POINTS': 201.1, 'AGE_MULTIPLIER': 1.0}]"
e0fae44b-9426-4574-997c-35b0b87a5cca,daan buiter,201.0,"[{'KEY': '230527G', 'DATE': '2023-05-27', 'RANK': 16, 'POINTS': 201.0, 'AGE_MULTIPLIER': 0.6}]"
39f2fc81-d75c-4ee6-bbdb-30561adbf6db,roel oldenkamp,201.0,"[{'KEY': '230527G', 'DATE': '2023-05-27', 'RANK': 15, 'POINTS': 201.0, 'AGE_MULTIPLIER': 0.6}]"
d9333a4b-72a2-4a81-904f-d3e14cf34385,leon visser,201.0,"[{'KEY': '230527G', 'DATE': '2023-05-27', 'RANK': 14, 'POINTS': 201.0, 'AGE_MULTIPLIER': 0.6}]"
98131118-dea6-45d3-8df0-8a79e88cb4ab,ennio mos,201.0,"[{'KEY': '230527G', 'DATE': '2023-05-27', 'RANK': 16, 'POINTS': 201.0, 'AGE_MULTIPLIER': 0.6}]"
997c5263-28f8-4da1-881e-528e923e5d53,joël van den berg,201.0,"[{'KEY': '230527G', 'DATE': '2023-05-27', 'RANK': 13, 'POINTS': 201.0, 'AGE_MULTIPLIER': 0.6}]"
7bc9ceb1-4459-4a58-9927-55c97a48e750,jan derksen,197.0,"[{'KEY': '230527G', 'DATE': '2023-05-27', 'RANK': 18, 'POINTS': 134.0, 'AGE_MULTIPLIER': 0.6}, {'KEY': '230422E', 'DATE': '2023-04-22', 'RANK': 30, 'POINTS': 63.0, 'AGE_MULTIPLIER': 0.6}]"
47048056-22e9-4aed-947b-650148c373d5,niels van de graaf,182.7,"[{'KEY': '230902N', 'DATE': '2023-09-02', 'RANK': 27, 'POINTS': 182.7, 'AGE_MULTIPLIER': 0.8}]"
168cc08b-fb6c-4570-bdbb-6cfc249cbd3e,bram houweling,182.7,"[{'KEY': '230902N', 'DATE': '2023-09-02', 'RANK': 26, 'POINTS': 182.7, 'AGE_MULTIPLIER': 0.8}]"
1ad9d4de-91d4-4d67-aae9-9359f190ba3a,sjef holl,182.7,"[{'KEY': '230902N', 'DATE': '2023-09-02', 'RANK': 26, 'POINTS': 182.7, 'AGE_MULTIPLIER': 0.8}]"
bfcd6b30-c5f4-4e9a-924a-3a8886d71374,roel teillers,182.7,"[{'KEY': '230902N', 'DATE': '2023-09-02', 'RANK': 32, 'POINTS': 182.7, 'AGE_MULTIPLIER': 0.8}]"
512bedcb-158f-48fb-b2d3-fecb71b2b379,ivo wester,182.7,"[{'KEY': '230902N', 'DATE': '2023-09-02', 'RANK': 27, 'POINTS': 182.7, 'AGE_MULTIPLIER': 0.8}]"
462a7226-70ac-40d6-92b9-ed2fd239218a,tymo berger,182.7,"[{'KEY': '230902N', 'DATE': '2023-09-02', 'RANK': 32, 'POINTS': 182.7, 'AGE_MULTIPLIER': 0.8}]"
098a323f-e1c8-4bcc-be49-72155541f63c,jan albert van der velde,182.7,"[{'KEY': '230902N', 'DATE': '2023-09-02', 'RANK': 29, 'POINTS': 182.7, 'AGE_MULTIPLIER': 0.8}]"
654c00d6-c770-4524-b8a6-2de24095b411,luuk nugteren,182.7,"[{'KEY': '230902N', 'DATE': '2023-09-02', 'RANK': 31, 'POINTS': 182.7, 'AGE_MULTIPLIER': 0.8}]"
0dcfee91-12a3-4a66-9b10-69641d97e184,thijmen calis,182.7,"[{'KEY': '230902N', 'DATE': '2023-09-02', 'RANK': 31, 'POINTS': 182.7, 'AGE_MULTIPLIER': 0.8}]"
efe37554-3976-4ef1-b703-2fba226de48e,teelke limbeck,168.0,"[{'KEY': '230422E', 'DATE': '2023-04-22', 'RANK': 10, 'POINTS': 168.0, 'AGE_MULTIPLIER': 0.6}]"
5e2642b5-7fd9-42bc-bbdb-7661633f93a1,gerrit lang,168.0,"[{'KEY': '230422E', 'DATE': '2023-04-22', 'RANK': 10, 'POINTS': 168.0, 'AGE_MULTIPLIER': 0.6}]"
f2496e03-b6a9-4635-a22c-a21555dabc39,dario go,168.0,"[{'KEY': '230422E', 'DATE': '2023-04-22', 'RANK': 9, 'POINTS': 168.0, 'AGE_MULTIPLIER': 0.6}]"
c8ba8d57-5d52-4164-9d8a-e0e4b365e153,alexandre tauziède,162.2,"[{'KEY': '230617A', 'DATE': '2023-06-17', 'RANK': 32, 'POINTS': 162.2, 'AGE_MULTIPLIER': 0.6}]"
79e682fb-1436-431d-98ca-654d2d41f4e1,martijn alberts,162.2,"[{'KEY': '230617A', 'DATE': '2023-06-17', 'RANK': 28, 'POINTS': 162.2, 'AGE_MULTIPLIER': 0.6}]"
ad1faeae-4de1-4286-8935-b438eff6d9ae,mustafa durgun,162.2,"[{'KEY': '230617A', 'DATE': '2023-06-17', 'RANK': 32, 'POINTS': 162.2, 'AGE_MULTIPLIER': 0.6}]"
c8583cfc-b8f1-45ce-a13a-579d307e5946,jake king,162.2,"[{'KEY': '230617A', 'DATE': '2023-06-17', 'RANK': 27, 'POINTS': 162.2, 'AGE_MULTIPLIER': 0.6}]"
de8d2622-362d-42fe-85f5-354712970e72,klaas weinrich,162.2,"[{'KEY': '230617A', 'DATE': '2023-06-17', 'RANK': 27, 'POINTS': 162.2, 'AGE_MULTIPLIER': 0.6}]"
a5bc69dd-d72e-4b67-93bc-6214f0fe6c9e,daan van velsen,162.2,"[{'KEY': '230617A', 'DATE': '2023-06-17', 'RANK': 26, 'POINTS': 162.2, 'AGE_MULTIPLIER': 0.6}]"
1fa3e866-6ebc-4430-abb5-38a01a11abb1,jakob biebuyck,162.2,"[{'KEY': '230617A', 'DATE': '2023-06-17', 'RANK': 31, 'POINTS': 162.2, 'AGE_MULTIPLIER': 0.6}]"
e41c1a20-bc1e-45e6-a9e9-55ff741fb4cf,leon vauterin,162.2,"[{'KEY': '230617A', 'DATE': '2023-06-17', 'RANK': 31, 'POINTS': 162.2, 'AGE_MULTIPLIER': 0.6}]"
753d6ffd-5307-4996-891d-efe7611d21a1,emiel prikkel,153.3,"[{'KEY': '240120A', 'DATE': '2024-01-20', 'RANK': 28, 'POINTS': 153.3, 'AGE_MULTIPLIER': 0.8}]"
605a98dc-9fa4-444c-a811-f7efb32792e9,j van wijhe,153.3,"[{'KEY': '240120A', 'DATE': '2024-01-20', 'RANK': 26, 'POINTS': 153.3, 'AGE_MULTIPLIER': 0.8}]"
c5b1b578-094a-463e-97c4-acbe62ec7eb5,matthew elworthy,153.3,"[{'KEY': '240120A', 'DATE': '2024-01-20', 'RANK': 26, 'POINTS': 153.3, 'AGE_MULTIPLIER': 0.8}]"
1b6bb3dd-7c3b-45bd-bf3f-c575a0846d78,iris bunnig,153.3,"[{'KEY': '240120A', 'DATE': '2024-01-20', 'RANK': 27, 'POINTS': 153.3, 'AGE_MULTIPLIER': 0.8}]"
132dcedb-c20f-464c-a75a-416a38411d45,leonoor schiphorst,153.3,"[{'KEY': '240120A', 'DATE': '2024-01-20', 'RANK': 27, 'POINTS': 153.3, 'AGE_MULTIPLIER': 0.8}]"
9d2113fe-82df-478e-ae55-a79ab22e04e3,nadja van kessel,153.3,"[{'KEY': '240120A', 'DATE': '2024-01-20', 'RANK': 28, 'POINTS': 153.3, 'AGE_MULTIPLIER': 0.8}]"
9c74702d-ce11-4f91-b8a8-e83904296b42,luuk schotsman,150.1,"[{'KEY': '230617A', 'DATE': '2023-06-17', 'RANK': 39, 'POINTS': 108.1, 'AGE_MULTIPLIER': 0.6}, {'KEY': '230422E', 'DATE': '2023-04-22', 'RANK': 35, 'POINTS': 42.0, 'AGE_MULTIPLIER': 0.6}]"
c144b04b-e569-4f01-8256-7e58266f7af1,annelies van cooten,147.7,"[{'KEY': '240629N', 'DATE': '2024-06-29', 'RANK': 39, 'POINTS': 147.7, 'AGE_MULTIPLIER': 1.0}]"
50978a4f-45e2-4564-89cf-be9b25710b30,daniel doe,147.7,"[{'KEY': '240629N', 'DATE': '2024-06-29', 'RANK': 40, 'POINTS': 147.7, 'AGE_MULTIPLIER': 1.0}]"
6cec565d-978b-46a5-9966-9ad924b3e418,joep de jonge,147.7,"[{'KEY': '240629N', 'DATE': '2024-06-29', 'RANK': 33, 'POINTS': 147.7, 'AGE_MULTIPLIER': 1.0}]"
fea76fe7-f293-4ebd-9c7e-7e5990cbc674,pepijn van der put,147.7,"[{'KEY': '240629N', 'DATE': '2024-06-29', 'RANK': 33, 'POINTS': 147.7, 'AGE_MULTIPLIER': 1.0}]"
681a5abc-39ab-4b31-856e-fbe12ce98d0c,jurd smith,147.7,"[{'KEY': '240629N', 'DATE': '2024-06-29', 'RANK': 39, 'POINTS': 147.7, 'AGE_MULTIPLIER': 1.0}]"
d6d2253e-3779-4a18-9ef4-93e4a5c2cf9e,zachary meredith,147.7,"[{'KEY': '240629N', 'DATE': '2024-06-29', 'RANK': 35, 'POINTS': 147.7, 'AGE_MULTIPLIER': 1.0}]"
64bada88-9c3c-432c-a03e-aee9c8536134,enno biewinga,147.7,"[{'KEY': '240629N', 'DATE': '2024-06-29', 'RANK': 36, 'POINTS': 147.7, 'AGE_MULTIPLIER': 1.0}]"
b63f4446-d7ae-4d6c-bc78-f1cbde1d7284,tijmen van der put,147.7,"[{'KEY': '240629N', 'DATE': '2024-06-29', 'RANK': 37, 'POINTS': 147.7, 'AGE_MULTIPLIER': 1.0}]"
42fd72a1-c2e8-4ece-aabb-8dc2610a2531,pim de jonge,147.7,"[{'KEY': '240629N', 'DATE': '2024-06-29', 'RANK': 37, 'POINTS': 147.7, 'AGE_MULTIPLIER': 1.0}]"
aee9ddef-7807-4d22-912c-55f37e321731,sebastiaan van zanten,147.7,"[{'KEY': '240629N', 'DATE': '2024-06-29', 'RANK': 38, 'POINTS': 147.7, 'AGE_MULTIPLIER': 1.0}]"
bd719ef5-3169-4536-849f-2c37138046a3,florian vacek,147.7,"[{'KEY': '240629N', 'DATE': '2024-06-29', 'RANK': 38, 'POINTS': 147.7, 'AGE_MULTIPLIER': 1.0}]"
309429a0-8e0a-4bda-af8a-21154d1ba90e,wik de waal,147.7,"[{'KEY': '240629N', 'DATE': '2024-06-29', 'RANK': 36, 'POINTS': 147.7, 'AGE_MULTIPLIER': 1.0}]"
56d17895-4e8f-4cb4-8b6d-953dad32d3f0,hugo degerth,147.7,"[{'KEY': '240629N', 'DATE': '2024-06-29', 'RANK': 40, 'POINTS': 147.7, 'AGE_MULTIPLIER': 1.0}]"
f307c122-19c3-4b94-83d5-8368f9373e71,michael wekking,134.1,"[{'KEY': '240601A', 'DATE': '2024-06-01', 'RANK': 40, 'POINTS': 134.1, 'AGE_MULTIPLIER': 1.0}]"
5919b4f5-5946-44c0-b940-b1e3adb51d88,alexis carras,134.1,"[{'KEY': '240601A', 'DATE': '2024-06-01', 'RANK': 41, 'POINTS': 134.1, 'AGE_MULTIPLIER': 1.0}]"
b77cb725-5bd0-4290-82bb-63d96c8434f9,bram slemmer,134.1,"[{'KEY': '240601A', 'DATE': '2024-06-01', 'RANK': 37, 'POINTS': 134.1, 'AGE_MULTIPLIER': 1.0}]"
449dc906-0738-4570-a0a7-7dec29e0fdbd,juho viljanen,134.1,"[{'KEY': '240601A', 'DATE': '2024-06-01', 'RANK': 39, 'POINTS': 134.1, 'AGE_MULTIPLIER': 1.0}]"
a06d777a-345e-4cd4-aedf-51040e054260,mátyás papp,134.1,"[{'KEY': '240601A', 'DATE': '2024-06-01', 'RANK': 39, 'POINTS': 134.1, 'AGE_MULTIPLIER': 1.0}]"
d47977a5-74ce-4fb7-802c-1bde8279a246,daan appels,134.1,"[{'KEY': '240601A', 'DATE': '2024-06-01', 'RANK': 36, 'POINTS': 134.1, 'AGE_MULTIPLIER': 1.0}]"
f4a93417-58cc-4bc6-a8ff-d2060fdf5aab,wiebe de gruijter,134.1,"[{'KEY': '240601A', 'DATE': '2024-06-01', 'RANK': 40, 'POINTS': 134.1, 'AGE_MULTIPLIER': 1.0}]"
181167a7-334c-4c4c-b43f-64c9e298b846,arabi alhumsi,134.1,"[{'KEY': '240601A', 'DATE': '2024-06-01', 'RANK': 41, 'POINTS': 134.1, 'AGE_MULTIPLIER': 1.0}]"
1e4cd437-19b0-4872-a32c-57343e1fae80,mata njunga,134.1,"[{'KEY': '240601A', 'DATE': '2024-06-01', 'RANK': 36, 'POINTS': 134.1, 'AGE_MULTIPLIER': 1.0}]"
d71c5b1d-d2c4-4b84-8ede-b4a7c70d6a04,clemence joly,134.1,"[{'KEY': '240601A', 'DATE': '2024-06-01', 'RANK': 42, 'POINTS': 134.1, 'AGE_MULTIPLIER': 1.0}]"
4d191f12-5e5c-4101-9912-63a5305df16f,jary kooijman,134.1,"[{'KEY': '240601A', 'DATE': '2024-06-01', 'RANK': 37, 'POINTS': 134.1, 'AGE_MULTIPLIER': 1.0}]"
409db389-8a1e-4ae6-b4ce-7c7b3d363c24,marko krunic,134.1,"[{'KEY': '240601A', 'DATE': '2024-06-01', 'RANK': 42, 'POINTS': 134.1, 'AGE_MULTIPLIER': 1.0}]"
6cd94f25-bf42-4960-82ec-379c6ad0b5e8,nikola geršanov,134.1,"[{'KEY': '240601A', 'DATE': '2024-06-01', 'RANK': 35, 'POINTS': 134.1, 'AGE_MULTIPLIER': 1.0}]"
5e52232c-001b-4228-b87b-29da890028a2,rémi bummel,134.1,"[{'KEY': '240601A', 'DATE': '2024-06-01', 'RANK': 34, 'POINTS': 134.1, 'AGE_MULTIPLIER': 1.0}]"
f39eea54-bc00-429b-8c87-bb50e8bb03ce,klāvs kalvenieks,134.1,"[{'KEY': '240601A', 'DATE': '2024-06-01', 'RANK': 34, 'POINTS': 134.1, 'AGE_MULTIPLIER': 1.0}]"
d43b61c6-9d39-4eeb-97e7-53d171747480,tale lechtenbörger,134.1,"[{'KEY': '240601A', 'DATE': '2024-06-01', 'RANK': 33, 'POINTS': 134.1, 'AGE_MULTIPLIER': 1.0}]"
6e1bda8e-465b-4bbb-b976-444088244483,lech bakhuizen v.d. brink,134.1,"[{'KEY': '240601A', 'DATE': '2024-06-01', 'RANK': 38, 'POINTS': 134.1, 'AGE_MULTIPLIER': 1.0}]"
2f5eb055-008b-47db-aae6-9ab65b6577eb,thomas haan,134.0,"[{'KEY': '230527G', 'DATE': '2023-05-27', 'RANK': 17, 'POINTS': 134.0, 'AGE_MULTIPLIER': 0.6}]"
8023a1bc-81ae-433f-b2bb-0c08231a4c8e,cristina bogdan,134.0,"[{'KEY': '230527G', 'DATE': '2023-05-27', 'RANK': 21, 'POINTS': 134.0, 'AGE_MULTIPLIER': 0.6}]"
f9e61afb-ef41-4427-a9d3-102f4205d1bd,solange schrijnder van velzen,126.0,"[{'KEY': '230422E', 'DATE': '2023-04-22', 'RANK': 16, 'POINTS': 126.0, 'AGE_MULTIPLIER': 0.6}]"
3f613b66-cbd6-47c3-bf91-60f5d5e4517f,milan sent,126.0,"[{'KEY': '230422E', 'DATE': '2023-04-22', 'RANK': 15, 'POINTS': 126.0, 'AGE_MULTIPLIER': 0.6}]"
5c67609b-de0e-4ee0-90ac-624ab606bfce,huub capelleveen,121.8,"[{'KEY': '230902N', 'DATE': '2023-09-02', 'RANK': 38, 'POINTS': 121.8, 'AGE_MULTIPLIER': 0.8}]"
c6f67e94-81e3-4f20-81aa-e295f109c215,joep van den heuvel,121.8,"[{'KEY': '230902N', 'DATE': '2023-09-02', 'RANK': 37, 'POINTS': 121.8, 'AGE_MULTIPLIER': 0.8}]"
34e2cc80-bc10-467e-bc6d-31d168539a5f,ewout buurma,121.8,"[{'KEY': '230902N', 'DATE': '2023-09-02', 'RANK': 33, 'POINTS': 121.8, 'AGE_MULTIPLIER': 0.8}]"
4f0a5431-30c9-45f2-b76c-edbf7c20e751,meint-jan elzinga,121.8,"[{'KEY': '230902N', 'DATE': '2023-09-02', 'RANK': 33, 'POINTS': 121.8, 'AGE_MULTIPLIER': 0.8}]"
e9084793-2298-4841-817d-71a3d34083e9,magali de rooy,121.8,"[{'KEY': '230902N', 'DATE': '2023-09-02', 'RANK': 36, 'POINTS': 121.8, 'AGE_MULTIPLIER': 0.8}]"
12d0bb73-d623-4765-9c9d-5e1f82c51d0f,mattis hennig,121.8,"[{'KEY': '230902N', 'DATE': '2023-09-02', 'RANK': 36, 'POINTS': 121.8, 'AGE_MULTIPLIER': 0.8}]"
35da30d4-f42a-4491-89f1-b091ddde8b75,tom van den heuvel,121.8,"[{'KEY': '230902N', 'DATE': '2023-09-02', 'RANK': 38, 'POINTS': 121.8, 'AGE_MULTIPLIER': 0.8}]"
0aeaa427-0d98-471f-8fdb-63af2a2abcd4,joost van vugt,121.8,"[{'KEY': '230902N', 'DATE': '2023-09-02', 'RANK': 37, 'POINTS': 121.8, 'AGE_MULTIPLIER': 0.8}]"
12864b68-132b-4818-b8ca-aa68d7c39b95,genta sekine,108.1,"[{'KEY': '230617A', 'DATE': '2023-06-17', 'RANK': 42, 'POINTS': 108.1, 'AGE_MULTIPLIER': 0.6}]"
53a93d20-aaaa-451c-81cb-fdf538fdbd71,sylvester productions,108.1,"[{'KEY': '230617A', 'DATE': '2023-06-17', 'RANK': 39, 'POINTS': 108.1, 'AGE_MULTIPLIER': 0.6}]"
a0e91495-edfd-43f2-a803-55b7e3f1b1ed,stan lochtenberg,108.1,"[{'KEY': '230617A', 'DATE': '2023-06-17', 'RANK': 33, 'POINTS': 108.1, 'AGE_MULTIPLIER': 0.6}]"
7240e9b8-aa08-413a-b154-e5787c235ae1,thomas dajer,108.1,"[{'KEY': '230617A', 'DATE': '2023-06-17', 'RANK': 34, 'POINTS': 108.1, 'AGE_MULTIPLIER': 0.6}]"
fd099450-2343-4ba0-ac2c-bf201b5ce9d3,kartik jain,108.1,"[{'KEY': '230617A', 'DATE': '2023-06-17', 'RANK': 35, 'POINTS': 108.1, 'AGE_MULTIPLIER': 0.6}]"
98f732c7-5cb9-4bd3-af40-7d645bbae1d2,anna junk,108.1,"[{'KEY': '230617A', 'DATE': '2023-06-17', 'RANK': 35, 'POINTS': 108.1, 'AGE_MULTIPLIER': 0.6}]"
fa994ba2-9ef3-4638-9936-da0f65a1d538,justus urbanetz,108.1,"[{'KEY': '230617A', 'DATE': '2023-06-17', 'RANK': 38, 'POINTS': 108.1, 'AGE_MULTIPLIER': 0.6}]"
069397eb-1acb-40f9-9d35-fe4aec5c67c7,mayu nagayama,108.1,"[{'KEY': '230617A', 'DATE': '2023-06-17', 'RANK': 42, 'POINTS': 108.1, 'AGE_MULTIPLIER': 0.6}]"
4ded8687-a577-4cf5-989f-628785486bd1,laura kremer,108.1,"[{'KEY': '230617A', 'DATE': '2023-06-17', 'RANK': 38, 'POINTS': 108.1, 'AGE_MULTIPLIER': 0.6}]"
527f8fcc-2bac-4fe6-b014-b4007d79327c,paul schmidt,108.1,"[{'KEY': '230617A', 'DATE': '2023-06-17', 'RANK': 33, 'POINTS': 108.1, 'AGE_MULTIPLIER': 0.6}]"
41671e93-c70e-46fd-bcb0-18f3eb1c9d72,toon van holthe,108.1,"[{'KEY': '230617A', 'DATE': '2023-06-17', 'RANK': 41, 'POINTS': 108.1, 'AGE_MULTIPLIER': 0.6}]"
ba1cc0bc-90b0-4d5b-bafb-ae225969bec9,khymo moestadja,108.1,"[{'KEY': '230617A', 'DATE': '2023-06-17', 'RANK': 41, 'POINTS': 108.1, 'AGE_MULTIPLIER': 0.6}]"
837a304f-8758-4220-adbd-b45ca5818961,ben andres,84.0,"[{'KEY': '230422E', 'DATE': '2023-04-22', 'RANK': 22, 'POINTS': 84.0, 'AGE_MULTIPLIER': 0.6}]"
5aa9b7bd-479f-4a26-8743-d7cdcf34e55a,nick delventhal,84.0,"[{'KEY': '230422E', 'DATE': '2023-04-22', 'RANK': 22, 'POINTS': 84.0, 'AGE_MULTIPLIER': 0.6}]"
b2eddc5e-f9ce-4ebb-aca1-4b26b6adb72a,benita hansen,84.0,"[{'KEY': '230422E', 'DATE': '2023-04-22', 'RANK': 19, 'POINTS': 84.0, 'AGE_MULTIPLIER': 0.6}]"
98fd15e1-7cf0-49aa-8088-ef0a3853fe66,jacques p,84.0,"[{'KEY': '230422E', 'DATE': '2023-04-22', 'RANK': 18, 'POINTS': 84.0, 'AGE_MULTIPLIER': 0.6}]"
26c93964-4d3f-4286-a2cf-3e62c9ceadd0,joel cetra,84.0,"[{'KEY': '230422E', 'DATE': '2023-04-22', 'RANK': 19, 'POINTS': 84.0, 'AGE_MULTIPLIER': 0.6}]"
dc882892-f57c-4b12-9f0b-868c402c8613,alex sikotorski,84.0,"[{'KEY': '230422E', 'DATE': '2023-04-22', 'RANK': 18, 'POINTS': 84.0, 'AGE_MULTIPLIER': 0.6}]"
dc67b009-b3e4-4d5f-8d7c-816675bc2a0f,peter sesler,63.0,"[{'KEY': '230422E', 'DATE': '2023-04-22', 'RANK': 32, 'POINTS': 63.0, 'AGE_MULTIPLIER': 0.6}]"
5195d56a-9deb-4f08-8a3a-55c0ccbca221,maximilian knoll,63.0,"[{'KEY': '230422E', 'DATE': '2023-04-22', 'RANK': 32, 'POINTS': 63.0, 'AGE_MULTIPLIER': 0.6}]"
296f7240-0670-4a72-9980-e07b93530cbb,berend poos,63.0,"[{'KEY': '230422E', 'DATE': '2023-04-22', 'RANK': 31, 'POINTS': 63.0, 'AGE_MULTIPLIER': 0.6}]"
05db1357-ac9f-447f-af5b-7ea499218b7d,wouter van der heijden,63.0,"[{'KEY': '230422E', 'DATE': '2023-04-22', 'RANK': 31, 'POINTS': 63.0, 'AGE_MULTIPLIER': 0.6}]"
76e0934b-d6a0-47d5-8324-a84be0e3d5ad,shauny dieltjes,63.0,"[{'KEY': '230422E', 'DATE': '2023-04-22', 'RANK': 27, 'POINTS': 63.0, 'AGE_MULTIPLIER': 0.6}]"
d863896c-e7d2-4c1f-838c-48384e409e26,thomas van geest,63.0,"[{'KEY': '230422E', 'DATE': '2023-04-22', 'RANK': 26, 'POINTS': 63.0, 'AGE_MULTIPLIER': 0.6}]"
268f324c-0b18-4718-a2c2-106c077d3f0a,said lachhab,63.0,"[{'KEY': '230422E', 'DATE': '2023-04-22', 'RANK': 25, 'POINTS': 63.0, 'AGE_MULTIPLIER': 0.6}]"
5e647182-a091-43c1-857c-fa3a477a2318,arno waszink,63.0,"[{'KEY': '230422E', 'DATE': '2023-04-22', 'RANK': 25, 'POINTS': 63.0, 'AGE_MULTIPLIER': 0.6}]"
c51bf79e-05ea-46a3-b438-a9f4a46eb4fa,lauritz dauer,63.0,"[{'KEY': '230422E', 'DATE': '2023-04-22', 'RANK': 30, 'POINTS': 63.0, 'AGE_MULTIPLIER': 0.6}]"
0a58a25c-68e2-40d7-9dc2-cfa5f3a6aea1,joep schotsman,42.0,"[{'KEY': '230422E', 'DATE': '2023-04-22', 'RANK': 35, 'POINTS': 42.0, 'AGE_MULTIPLIER': 0.6}]"
ea569ba7-b454-42ae-81a0-f3730b683c81,anneke poelen,42.0,"[{'KEY': '230422E', 'DATE': '2023-04-22', 'RANK': 34, 'POINTS': 42.0, 'AGE_MULTIPLIER': 0.6}]"
95f6fa4b-fde4-4c8b-879f-0bf84016f4ae,david van beijnhem,42.0,"[{'KEY': '230422E', 'DATE': '2023-04-22', 'RANK': 33, 'POINTS': 42.0, 'AGE_MULTIPLIER': 0.6}]"
